[21:51:40.732] Load() started for: C:\Users\sayan\Videos\Exports\7-1.mp4
[21:51:40.847] _reader created: SampleRate=44100, Ch=2, TotalTime=00:01:13.9729988
[21:51:40.960] WaveOutEvent initialized successfully: Wave Mapper (System Default), PlaybackState=Stopped
[21:51:40.961] Load() finished successfully. HasAudioTrack=True
[21:51:40.967] SetVolume(1.00, isMuted=False) -> VolumeProvider.Volume=1
[21:51:40.968] MainWindow.LoadFileAsync: HasAudioTrack=True, Device=Wave Mapper (System Default), _userMuted=False
[21:51:40.975] SetVolume(1.00, isMuted=False) -> VolumeProvider.Volume=1
[21:51:40.976] SetVolume(1.00, isMuted=False) -> VolumeProvider.Volume=1
[21:51:42.240] SetVolume(1.00, isMuted=False) -> VolumeProvider.Volume=1
[22:02:52.148] Load() started for: C:\Users\sayan\Videos\Exports\7-1.mp4
[22:02:52.257] _reader created: SampleRate=44100, Ch=2, TotalTime=00:01:13.9729988
[22:02:52.379] WaveOutEvent initialized successfully: Wave Mapper (System Default), PlaybackState=Stopped
[22:02:52.381] Load() finished successfully. HasAudioTrack=True
[22:02:52.388] SetVolume(1.00, isMuted=False) -> VolumeProvider.Volume=1
[22:02:52.389] Seek(0.00s) invoked.
[22:02:52.393] Play() invoked. OutputDevice=Wave Mapper (System Default), PlaybackState=Stopped, Volume=1, IsMuted=False
[22:02:52.397] _outputDevice.Play() executed. New state=Playing
[22:02:52.413] Read #1: requested=3000, read=3000, maxSample=0.000427
[22:02:52.415] Read #2: requested=3000, read=3000, maxSample=0.037994
[22:02:52.418] Read #3: requested=3000, read=3000, maxSample=0.026703
[22:02:52.475] Read #4: requested=3000, read=3000, maxSample=0.244812
[22:02:52.503] Read #5: requested=3000, read=3000, maxSample=0.363281
[22:02:52.543] Read #6: requested=3000, read=3000, maxSample=0.364838
[22:02:52.573] Read #7: requested=3000, read=3000, maxSample=0.383850
[22:02:52.603] Read #8: requested=3000, read=3000, maxSample=0.339722
[22:02:52.643] Read #9: requested=3000, read=3000, maxSample=0.305878
[22:02:52.673] Read #10: requested=3000, read=3000, maxSample=0.340576
[22:02:54.033] Read #50: requested=3000, read=3000, maxSample=0.105682
[22:02:54.446] Stop() invoked.
[22:02:54.455] OutputDevice_PlaybackStopped event fired! Exception=
[23:45:02.869] Load() started for: C:\Users\sayan\Downloads\Naam Reh Jayegaa - Watch FULL Episode 6 - Arijit's Perfect tribute to Lata Mangeshkar.mp4
[23:45:03.003] _reader created: SampleRate=44100, Ch=2, TotalTime=00:43:31.4859977
[23:45:03.070] WaveOutEvent initialized successfully: Wave Mapper (System Default), PlaybackState=Stopped
[23:45:03.071] Load() finished successfully. HasAudioTrack=True
[23:45:03.074] SetVolume(1.00, isMuted=False) -> VolumeProvider.Volume=1
[23:45:03.075] MainWindow.LoadFileAsync: HasAudioTrack=True, Device=Wave Mapper (System Default), _userMuted=False
[23:45:03.078] SetVolume(1.00, isMuted=False) -> VolumeProvider.Volume=1
[23:45:03.079] SetVolume(1.00, isMuted=False) -> VolumeProvider.Volume=1
[23:45:04.459] MainWindow.PlaybackButton_Click: session.State=Paused, Pos=0.00, HasAudioTrack=True, EngineIsPlaying=False
[23:45:04.460] Seek(0.00s) invoked.
[23:45:04.462] Play() invoked. OutputDevice=Wave Mapper (System Default), PlaybackState=Stopped, Volume=1, IsMuted=False
[23:45:04.464] _outputDevice.Play() executed. New state=Playing
[23:45:04.512] OutputDevice_PlaybackStopped event fired! Exception=System.InvalidCastException: Unable to cast COM object of type 'System.__ComObject' to interface type 'NAudio.MediaFoundation.IMFSourceReader'. This operation failed because the QueryInterface call on the COM component for the interface with IID '{70AE66F2-C809-4E4F-8915-BDCB406B7993}' failed due to the following error: No such interface supported (0x80004002 (E_NOINTERFACE)).
   at System.StubHelpers.StubHelpers.GetCOMIPFromRCW(Object objSrc, IntPtr pCPCMD, IntPtr& ppTarget, Boolean& pfNeedsRelease)
   at NAudio.MediaFoundation.IMFSourceReader.SetCurrentPosition(Guid guidTimeFormat, IntPtr varPosition)
   at NAudio.Wave.MediaFoundationReader.Reposition(Int64 desiredPosition)
   at NAudio.Wave.MediaFoundationReader.Read(Byte[] buffer, Int32 offset, Int32 count)
   at NAudio.Wave.SampleProviders.Pcm16BitToSampleProvider.Read(Single[] buffer, Int32 offset, Int32 count)
   at QuickEditor.ThreadSafeSampleProvider.Read(Single[] buffer, Int32 offset, Int32 count) in C:\Users\sayan\Documents\GitHub\Quick Editor\AudioPitchEngine.cs:line 706
   at QuickEditor.VarispeedSampleProvider.Read(Single[] buffer, Int32 offset, Int32 count) in C:\Users\sayan\Documents\GitHub\Quick Editor\AudioPitchEngine.cs:line 112
   at QuickEditor.BypassablePitchShifterSampleProvider.Read(Single[] buffer, Int32 offset, Int32 count) in C:\Users\sayan\Documents\GitHub\Quick Editor\AudioPitchEngine.cs:line 640
   at QuickEditor.EqualizerSampleProvider.Read(Single[] buffer, Int32 offset, Int32 count) in C:\Users\sayan\Documents\GitHub\Quick Editor\AudioPitchEngine.cs:line 295
   at QuickEditor.ReverbSampleProvider.Read(Single[] buffer, Int32 offset, Int32 count) in C:\Users\sayan\Documents\GitHub\Quick Editor\AudioPitchEngine.cs:line 451
   at QuickEditor.VolumeBoostAndNormalizeSampleProvider.Read(Single[] buffer, Int32 offset, Int32 count) in C:\Users\sayan\Documents\GitHub\Quick Editor\AudioPitchEngine.cs:line 544
   at NAudio.Wave.SampleProviders.VolumeSampleProvider.Read(Single[] buffer, Int32 offset, Int32 sampleCount)
   at NAudio.Wave.SampleProviders.SampleToWaveProvider16.Read(Byte[] destBuffer, Int32 offset, Int32 numBytes)
   at NAudio.Wave.WaveOutBuffer.OnDone()
   at NAudio.Wave.WaveOutEvent.DoPlayback()
   at NAudio.Wave.WaveOutEvent.PlaybackThread()
[23:45:05.836] Seek(191.57s) invoked.
[23:45:05.880] Seek(194.38s) invoked.
[23:45:05.905] Seek(197.20s) invoked.
[23:45:05.944] Seek(200.02s) invoked.
[23:45:05.968] Seek(202.83s) invoked.
[23:45:05.984] Seek(205.65s) invoked.
[23:45:06.008] Seek(208.47s) invoked.
[23:45:06.018] Seek(211.29s) invoked.
[23:45:06.034] Seek(214.10s) invoked.
[23:45:06.041] Seek(216.92s) invoked.
[23:45:06.049] Seek(219.74s) invoked.
[23:45:06.057] Seek(222.55s) invoked.
[23:45:06.065] Seek(225.37s) invoked.
[23:45:06.073] Seek(225.37s) invoked.
[23:45:06.080] Seek(228.19s) invoked.
[23:45:06.088] Seek(231.01s) invoked.
[23:45:06.104] Seek(233.82s) invoked.
[23:45:06.144] Seek(236.64s) invoked.
[23:45:06.228] Seek(236.64s) invoked.
[23:45:06.234] Seek(239.46s) invoked.
[23:45:07.922] SetVolume(1.00, isMuted=False) -> VolumeProvider.Volume=1
[23:45:07.923] Seek(240.74s) invoked.
[23:45:07.923] Play() invoked. OutputDevice=Wave Mapper (System Default), PlaybackState=Stopped, Volume=1, IsMuted=False
[23:45:07.923] _outputDevice.Play() executed. New state=Playing
[23:45:07.941] OutputDevice_PlaybackStopped event fired! Exception=System.InvalidCastException: Unable to cast COM object of type 'System.__ComObject' to interface type 'NAudio.MediaFoundation.IMFSourceReader'. This operation failed because the QueryInterface call on the COM component for the interface with IID '{70AE66F2-C809-4E4F-8915-BDCB406B7993}' failed due to the following error: No such interface supported (0x80004002 (E_NOINTERFACE)).
   at System.StubHelpers.StubHelpers.GetCOMIPFromRCW(Object objSrc, IntPtr pCPCMD, IntPtr& ppTarget, Boolean& pfNeedsRelease)
   at NAudio.MediaFoundation.IMFSourceReader.SetCurrentPosition(Guid guidTimeFormat, IntPtr varPosition)
   at NAudio.Wave.MediaFoundationReader.Reposition(Int64 desiredPosition)
   at NAudio.Wave.MediaFoundationReader.Read(Byte[] buffer, Int32 offset, Int32 count)
   at NAudio.Wave.SampleProviders.Pcm16BitToSampleProvider.Read(Single[] buffer, Int32 offset, Int32 count)
   at QuickEditor.ThreadSafeSampleProvider.Read(Single[] buffer, Int32 offset, Int32 count) in C:\Users\sayan\Documents\GitHub\Quick Editor\AudioPitchEngine.cs:line 706
   at QuickEditor.VarispeedSampleProvider.Read(Single[] buffer, Int32 offset, Int32 count) in C:\Users\sayan\Documents\GitHub\Quick Editor\AudioPitchEngine.cs:line 112
   at QuickEditor.BypassablePitchShifterSampleProvider.Read(Single[] buffer, Int32 offset, Int32 count) in C:\Users\sayan\Documents\GitHub\Quick Editor\AudioPitchEngine.cs:line 640
   at QuickEditor.EqualizerSampleProvider.Read(Single[] buffer, Int32 offset, Int32 count) in C:\Users\sayan\Documents\GitHub\Quick Editor\AudioPitchEngine.cs:line 295
   at QuickEditor.ReverbSampleProvider.Read(Single[] buffer, Int32 offset, Int32 count) in C:\Users\sayan\Documents\GitHub\Quick Editor\AudioPitchEngine.cs:line 451
   at QuickEditor.VolumeBoostAndNormalizeSampleProvider.Read(Single[] buffer, Int32 offset, Int32 count) in C:\Users\sayan\Documents\GitHub\Quick Editor\AudioPitchEngine.cs:line 544
   at NAudio.Wave.SampleProviders.VolumeSampleProvider.Read(Single[] buffer, Int32 offset, Int32 sampleCount)
   at NAudio.Wave.SampleProviders.SampleToWaveProvider16.Read(Byte[] destBuffer, Int32 offset, Int32 numBytes)
   at NAudio.Wave.WaveOutBuffer.OnDone()
   at NAudio.Wave.WaveOutEvent.DoPlayback()
   at NAudio.Wave.WaveOutEvent.PlaybackThread()
[23:45:14.265] MainWindow.PlaybackButton_Click: session.State=Playing, Pos=247.08, HasAudioTrack=True, EngineIsPlaying=False
[23:45:14.266] Pause() invoked. Current state=Stopped
[00:41:22.718] Load() started for: C:\Users\sayan\Downloads\Naam Reh Jayegaa - Watch FULL Episode 6 - Arijit's Perfect tribute to Lata Mangeshkar.mp4
[00:41:22.895] _reader created: SampleRate=44100, Ch=2, TotalTime=00:43:31.4859977
[00:41:23.010] WaveOutEvent initialized successfully: Wave Mapper (System Default), PlaybackState=Stopped
[00:41:23.011] Load() finished successfully. HasAudioTrack=True
[00:41:23.018] SetVolume(1.00, isMuted=False) -> VolumeProvider.Volume=1
[00:41:23.019] Seek(0.00s) invoked.
[00:41:23.023] Play() invoked. OutputDevice=Wave Mapper (System Default), PlaybackState=Stopped, Volume=1, IsMuted=False
[00:41:23.029] _outputDevice.Play() executed. New state=Playing
[00:41:25.046] Seek(240.00s) invoked.
[00:41:25.072] OutputDevice_PlaybackStopped event fired! Exception=System.InvalidCastException: Unable to cast COM object of type 'System.__ComObject' to interface type 'NAudio.MediaFoundation.IMFSourceReader'. This operation failed because the QueryInterface call on the COM component for the interface with IID '{70AE66F2-C809-4E4F-8915-BDCB406B7993}' failed due to the following error: No such interface supported (0x80004002 (E_NOINTERFACE)).
   at System.StubHelpers.StubHelpers.GetCOMIPFromRCW(Object objSrc, IntPtr pCPCMD, IntPtr& ppTarget, Boolean& pfNeedsRelease)
   at NAudio.MediaFoundation.IMFSourceReader.SetCurrentPosition(Guid guidTimeFormat, IntPtr varPosition)
   at NAudio.Wave.MediaFoundationReader.Reposition(Int64 desiredPosition)
   at NAudio.Wave.MediaFoundationReader.Read(Byte[] buffer, Int32 offset, Int32 count)
   at NAudio.Wave.SampleProviders.Pcm16BitToSampleProvider.Read(Single[] buffer, Int32 offset, Int32 count)
   at QuickEditor.ThreadSafeSampleProvider.Read(Single[] buffer, Int32 offset, Int32 count) in c:\Users\sayan\Documents\GitHub\Quick Editor\AudioPitchEngine.cs:line 706
   at QuickEditor.VarispeedSampleProvider.Read(Single[] buffer, Int32 offset, Int32 count) in c:\Users\sayan\Documents\GitHub\Quick Editor\AudioPitchEngine.cs:line 112
   at QuickEditor.BypassablePitchShifterSampleProvider.Read(Single[] buffer, Int32 offset, Int32 count) in c:\Users\sayan\Documents\GitHub\Quick Editor\AudioPitchEngine.cs:line 640
   at QuickEditor.EqualizerSampleProvider.Read(Single[] buffer, Int32 offset, Int32 count) in c:\Users\sayan\Documents\GitHub\Quick Editor\AudioPitchEngine.cs:line 295
   at QuickEditor.ReverbSampleProvider.Read(Single[] buffer, Int32 offset, Int32 count) in c:\Users\sayan\Documents\GitHub\Quick Editor\AudioPitchEngine.cs:line 451
   at QuickEditor.VolumeBoostAndNormalizeSampleProvider.Read(Single[] buffer, Int32 offset, Int32 count) in c:\Users\sayan\Documents\GitHub\Quick Editor\AudioPitchEngine.cs:line 544
   at NAudio.Wave.SampleProviders.VolumeSampleProvider.Read(Single[] buffer, Int32 offset, Int32 sampleCount)
   at NAudio.Wave.SampleProviders.SampleToWaveProvider16.Read(Byte[] destBuffer, Int32 offset, Int32 numBytes)
   at NAudio.Wave.WaveOutBuffer.OnDone()
   at NAudio.Wave.WaveOutEvent.DoPlayback()
   at NAudio.Wave.WaveOutEvent.PlaybackThread()
[00:43:20.747] Read #1: requested=3000, read=3000, maxSample=0.000000
[00:43:20.763] Read #2: requested=3000, read=3000, maxSample=0.000000
[00:43:20.765] Read #3: requested=3000, read=3000, maxSample=0.012238
[00:43:20.818] Read #4: requested=3000, read=3000, maxSample=0.078461
[00:43:20.848] Read #5: requested=3000, read=3000, maxSample=0.205048
[00:43:20.887] Read #6: requested=3000, read=3000, maxSample=0.206360
[00:43:20.917] Read #7: requested=3000, read=3000, maxSample=0.170227
[00:43:20.947] Read #8: requested=3000, read=3000, maxSample=0.194214
[00:43:20.987] Read #9: requested=3000, read=3000, maxSample=0.160889
[00:43:21.017] Read #10: requested=3000, read=3000, maxSample=0.138275
[00:43:22.377] Read #50: requested=3000, read=3000, maxSample=0.177307
[00:52:40.969] Read #1: requested=3000, read=3000, maxSample=0.000000
[00:52:40.989] Read #2: requested=3000, read=3000, maxSample=0.000000
[00:52:40.991] Read #3: requested=3000, read=3000, maxSample=0.012238
[00:52:41.048] Read #4: requested=3000, read=3000, maxSample=0.078461
[00:52:41.077] Read #5: requested=3000, read=3000, maxSample=0.205048
[00:52:41.117] Read #6: requested=3000, read=3000, maxSample=0.206360
[00:52:41.147] Read #7: requested=3000, read=3000, maxSample=0.170227
[00:52:41.177] Read #8: requested=3000, read=3000, maxSample=0.194214
[00:52:41.217] Read #9: requested=3000, read=3000, maxSample=0.160889
[00:52:41.247] Read #10: requested=3000, read=3000, maxSample=0.138275
[00:52:42.607] Read #50: requested=3000, read=3000, maxSample=0.177307
[01:06:20.683] Load() started for: C:\Users\sayan\Downloads\Naam Reh Jayegaa - Watch FULL Episode 6 - Arijit's Perfect tribute to Lata Mangeshkar.mp4
[01:06:20.785] _reader created: SampleRate=44100, Ch=2, TotalTime=00:43:31.4859977
[01:06:20.880] WaveOutEvent initialized successfully: Wave Mapper (System Default), PlaybackState=Stopped
[01:06:20.881] Load() finished successfully. HasAudioTrack=True
[01:06:20.889] SetVolume(1.00, isMuted=False) -> VolumeProvider.Volume=1
[01:06:20.890] Seek(0.00s) invoked.
[01:06:20.893] Play() invoked. OutputDevice=Wave Mapper (System Default), PlaybackState=Stopped, Volume=1, IsMuted=False
[01:06:20.896] _outputDevice.Play() executed. New state=Playing
[01:06:20.948] Read #1: requested=3000, read=3000, maxSample=0.000000
[01:06:20.949] Read #2: requested=3000, read=3000, maxSample=0.000000
[01:06:20.950] Read #3: requested=3000, read=3000, maxSample=0.012238
[01:06:21.008] Read #4: requested=3000, read=3000, maxSample=0.078461
[01:06:21.037] Read #5: requested=3000, read=3000, maxSample=0.205048
[01:06:21.077] Read #6: requested=3000, read=3000, maxSample=0.206360
[01:06:21.107] Read #7: requested=3000, read=3000, maxSample=0.170227
[01:06:21.137] Read #8: requested=3000, read=3000, maxSample=0.194214
[01:06:21.177] Read #9: requested=3000, read=3000, maxSample=0.160889
[01:06:21.207] Read #10: requested=3000, read=3000, maxSample=0.138275
[01:06:22.410] Seek(240.00s) invoked.
[01:06:22.567] Read #50: requested=3000, read=3000, maxSample=0.042145
[01:50:05.534] Load() started for: C:\Users\sayan\Downloads\Naam Reh Jayegaa - Watch FULL Episode 6 - Arijit's Perfect tribute to Lata Mangeshkar.mp4
[01:50:05.606] _reader created: SampleRate=44100, Ch=2, TotalTime=00:43:31.4859977
[01:50:05.677] WaveOutEvent initialized successfully: Wave Mapper (System Default), PlaybackState=Stopped
[01:50:05.678] Load() finished successfully. HasAudioTrack=True
[01:50:05.682] SetVolume(1.00, isMuted=False) -> VolumeProvider.Volume=1
[01:50:05.683] MainWindow.LoadFileAsync: HasAudioTrack=True, Device=Wave Mapper (System Default), _userMuted=False
[01:50:05.687] SetVolume(1.00, isMuted=False) -> VolumeProvider.Volume=1
[01:50:05.688] SetVolume(1.00, isMuted=False) -> VolumeProvider.Volume=1
[01:50:08.073] Seek(107.05s) invoked.
[01:50:08.083] Seek(107.05s) invoked.
[01:50:08.139] Seek(107.05s) invoked.
[01:50:08.307] Seek(109.87s) invoked.
[01:50:09.752] MainWindow.PlaybackButton_Click: session.State=Paused, Pos=109.87, HasAudioTrack=True, EngineIsPlaying=False
[01:50:09.753] Seek(109.87s) invoked.
[01:50:09.755] Play() invoked. OutputDevice=Wave Mapper (System Default), PlaybackState=Stopped, Volume=1, IsMuted=False
[01:50:09.758] _outputDevice.Play() executed. New state=Playing
[01:50:09.838] Read #1: requested=3000, read=3000, maxSample=0.280975
[01:50:09.840] Read #2: requested=3000, read=3000, maxSample=0.299194
[01:50:09.842] Read #3: requested=3000, read=3000, maxSample=0.296844
[01:50:09.899] Read #4: requested=3000, read=3000, maxSample=0.239502
[01:50:09.928] Read #5: requested=3000, read=3000, maxSample=0.225403
[01:50:09.968] Read #6: requested=3000, read=3000, maxSample=0.184387
[01:50:09.998] Read #7: requested=3000, read=3000, maxSample=0.098236
[01:50:10.028] Read #8: requested=3000, read=3000, maxSample=0.125610
[01:50:10.068] Read #9: requested=3000, read=3000, maxSample=0.199402
[01:50:10.098] Read #10: requested=3000, read=3000, maxSample=0.340759
[01:50:11.458] Read #50: requested=3000, read=3000, maxSample=0.102539
[01:50:11.959] SetVolume(1.00, isMuted=False) -> VolumeProvider.Volume=1
[01:50:13.158] Read #100: requested=3000, read=3000, maxSample=0.237732
[01:50:14.858] Read #150: requested=3000, read=3000, maxSample=0.237976
[01:50:16.568] Read #200: requested=3000, read=3000, maxSample=0.248993
[01:50:18.268] Read #250: requested=3000, read=3000, maxSample=0.249756
[01:50:19.968] Read #300: requested=3000, read=3000, maxSample=0.174988
[01:50:21.668] Read #350: requested=3000, read=3000, maxSample=0.125946
[01:50:23.368] Read #400: requested=3000, read=3000, maxSample=0.310516
[01:50:25.068] Read #450: requested=3000, read=3000, maxSample=0.133118
[01:50:25.183] SetVolume(1.00, isMuted=False) -> VolumeProvider.Volume=1
[01:50:25.203] SetVolume(1.00, isMuted=False) -> VolumeProvider.Volume=1
[01:50:25.220] SetVolume(1.00, isMuted=False) -> VolumeProvider.Volume=1
[01:50:25.237] SetVolume(1.00, isMuted=False) -> VolumeProvider.Volume=1
[01:50:25.252] SetVolume(1.00, isMuted=False) -> VolumeProvider.Volume=1
[01:50:25.292] SetVolume(1.00, isMuted=False) -> VolumeProvider.Volume=1
[01:50:25.334] SetVolume(1.00, isMuted=False) -> VolumeProvider.Volume=1
[01:50:25.387] SetVolume(1.00, isMuted=False) -> VolumeProvider.Volume=1
[01:50:26.768] Read #500: requested=3000, read=3000, maxSample=0.221313
[01:50:26.844] SetVolume(1.00, isMuted=False) -> VolumeProvider.Volume=1
[01:50:26.868] SetVolume(1.00, isMuted=False) -> VolumeProvider.Volume=1
[01:50:26.919] SetVolume(1.00, isMuted=False) -> VolumeProvider.Volume=1
[01:50:27.149] SetVolume(1.00, isMuted=False) -> VolumeProvider.Volume=1
[01:50:27.758] SetVolume(1.00, isMuted=False) -> VolumeProvider.Volume=1
[01:50:28.468] Read #550: requested=3000, read=3000, maxSample=0.193024
[01:50:30.168] Read #600: requested=3000, read=3000, maxSample=0.159088
[01:50:31.868] Read #650: requested=3000, read=3000, maxSample=0.251862
[01:50:32.596] SetVolume(1.00, isMuted=False) -> VolumeProvider.Volume=1
[01:50:32.619] SetVolume(1.00, isMuted=False) -> VolumeProvider.Volume=1
[01:50:32.643] SetVolume(1.00, isMuted=False) -> VolumeProvider.Volume=1
[01:50:32.667] SetVolume(1.00, isMuted=False) -> VolumeProvider.Volume=1
[01:50:32.684] SetVolume(1.00, isMuted=False) -> VolumeProvider.Volume=1
[01:50:32.700] SetVolume(1.00, isMuted=False) -> VolumeProvider.Volume=1
[01:50:32.719] SetVolume(1.00, isMuted=False) -> VolumeProvider.Volume=1
[01:50:32.736] SetVolume(1.00, isMuted=False) -> VolumeProvider.Volume=1
[01:50:32.756] SetVolume(1.00, isMuted=False) -> VolumeProvider.Volume=1
[01:50:32.771] SetVolume(1.00, isMuted=False) -> VolumeProvider.Volume=1
[01:50:32.803] SetVolume(1.00, isMuted=False) -> VolumeProvider.Volume=1
[01:50:32.828] SetVolume(1.00, isMuted=False) -> VolumeProvider.Volume=1
[01:50:32.856] SetVolume(1.00, isMuted=False) -> VolumeProvider.Volume=1
[01:50:32.870] SetVolume(1.00, isMuted=False) -> VolumeProvider.Volume=1
[01:50:32.893] SetVolume(1.00, isMuted=False) -> VolumeProvider.Volume=1
[01:50:32.957] SetVolume(1.00, isMuted=False) -> VolumeProvider.Volume=1
[01:50:32.982] SetVolume(1.00, isMuted=False) -> VolumeProvider.Volume=1
[01:50:32.998] SetVolume(1.00, isMuted=False) -> VolumeProvider.Volume=1
[01:50:33.036] SetVolume(1.00, isMuted=False) -> VolumeProvider.Volume=1
[01:50:33.123] SetVolume(1.00, isMuted=False) -> VolumeProvider.Volume=1
[01:50:33.307] SetVolume(1.00, isMuted=False) -> VolumeProvider.Volume=1
[01:50:33.568] Read #700: requested=3000, read=3000, maxSample=0.105865
[01:50:34.051] SetVolume(1.00, isMuted=False) -> VolumeProvider.Volume=1
[01:50:34.084] SetVolume(1.00, isMuted=False) -> VolumeProvider.Volume=1
[01:50:34.124] SetVolume(1.00, isMuted=False) -> VolumeProvider.Volume=1
[01:50:34.164] SetVolume(1.00, isMuted=False) -> VolumeProvider.Volume=1
[01:50:34.219] SetVolume(1.00, isMuted=False) -> VolumeProvider.Volume=1
[01:50:34.251] SetVolume(1.00, isMuted=False) -> VolumeProvider.Volume=1
[01:50:34.276] SetVolume(1.00, isMuted=False) -> VolumeProvider.Volume=1
[01:50:34.475] SetVolume(1.00, isMuted=False) -> VolumeProvider.Volume=1
[01:50:34.819] SetVolume(1.00, isMuted=False) -> VolumeProvider.Volume=1
[01:50:35.268] Read #750: requested=3000, read=3000, maxSample=0.088684
[01:50:35.436] SetVolume(1.00, isMuted=False) -> VolumeProvider.Volume=1
[01:50:36.968] Read #800: requested=3000, read=3000, maxSample=0.085480
[01:50:37.251] SetVolume(1.00, isMuted=False) -> VolumeProvider.Volume=1
[01:50:37.324] SetVolume(1.00, isMuted=False) -> VolumeProvider.Volume=1
[01:50:37.340] SetVolume(1.00, isMuted=False) -> VolumeProvider.Volume=1
[01:50:37.357] SetVolume(1.00, isMuted=False) -> VolumeProvider.Volume=1
[01:50:37.365] SetVolume(1.00, isMuted=False) -> VolumeProvider.Volume=1
[01:50:37.377] SetVolume(1.00, isMuted=False) -> VolumeProvider.Volume=1
[01:50:37.384] SetVolume(1.00, isMuted=False) -> VolumeProvider.Volume=1
[01:50:37.391] SetVolume(1.00, isMuted=False) -> VolumeProvider.Volume=1
[01:50:37.398] SetVolume(1.00, isMuted=False) -> VolumeProvider.Volume=1
[01:50:37.407] SetVolume(1.00, isMuted=False) -> VolumeProvider.Volume=1
[01:50:37.414] SetVolume(1.00, isMuted=False) -> VolumeProvider.Volume=1
[01:50:37.423] SetVolume(1.00, isMuted=False) -> VolumeProvider.Volume=1
[01:50:37.439] SetVolume(1.00, isMuted=False) -> VolumeProvider.Volume=1
[01:50:37.507] SetVolume(1.00, isMuted=False) -> VolumeProvider.Volume=1
[01:50:41.234] SetVolume(1.00, isMuted=False) -> VolumeProvider.Volume=1
[01:50:41.259] Read #850: requested=16382, read=16382, maxSample=0.225128
[01:50:41.261] SetVolume(1.00, isMuted=False) -> VolumeProvider.Volume=1
[01:50:41.271] SetVolume(1.00, isMuted=False) -> VolumeProvider.Volume=1
[01:50:41.276] SetVolume(1.00, isMuted=False) -> VolumeProvider.Volume=1
[01:50:41.286] SetVolume(1.00, isMuted=False) -> VolumeProvider.Volume=1
[01:50:41.302] SetVolume(1.00, isMuted=False) -> VolumeProvider.Volume=1
[01:50:41.309] SetVolume(1.00, isMuted=False) -> VolumeProvider.Volume=1
[01:50:41.323] SetVolume(1.00, isMuted=False) -> VolumeProvider.Volume=1
[01:50:41.403] SetVolume(1.00, isMuted=False) -> VolumeProvider.Volume=1
[01:50:41.460] SetVolume(1.00, isMuted=False) -> VolumeProvider.Volume=1
[01:50:41.484] SetVolume(1.00, isMuted=False) -> VolumeProvider.Volume=1
[01:50:41.492] SetVolume(1.00, isMuted=False) -> VolumeProvider.Volume=1
[01:50:41.508] SetVolume(1.00, isMuted=False) -> VolumeProvider.Volume=1
[01:50:41.533] SetVolume(1.00, isMuted=False) -> VolumeProvider.Volume=1
[01:50:41.555] SetVolume(1.00, isMuted=False) -> VolumeProvider.Volume=1
[01:50:41.587] SetVolume(1.00, isMuted=False) -> VolumeProvider.Volume=1
[01:50:41.700] SetVolume(1.00, isMuted=False) -> VolumeProvider.Volume=1
[01:50:41.830] Seek(143.72s) invoked.
[01:50:41.979] SetVolume(1.00, isMuted=False) -> VolumeProvider.Volume=1
[01:50:42.988] SetVolume(1.00, isMuted=False) -> VolumeProvider.Volume=1
[01:50:44.971] SetVolume(1.00, isMuted=False) -> VolumeProvider.Volume=1
[01:50:44.980] SetVolume(1.00, isMuted=False) -> VolumeProvider.Volume=1
[01:50:44.990] SetVolume(1.00, isMuted=False) -> VolumeProvider.Volume=1
[01:50:44.996] SetVolume(1.00, isMuted=False) -> VolumeProvider.Volume=1
[01:50:45.006] SetVolume(1.00, isMuted=False) -> VolumeProvider.Volume=1
[01:50:45.013] SetVolume(1.00, isMuted=False) -> VolumeProvider.Volume=1
[01:50:45.021] SetVolume(1.00, isMuted=False) -> VolumeProvider.Volume=1
[01:50:45.028] SetVolume(1.00, isMuted=False) -> VolumeProvider.Volume=1
[01:50:45.037] SetVolume(1.00, isMuted=False) -> VolumeProvider.Volume=1
[01:50:45.044] SetVolume(1.00, isMuted=False) -> VolumeProvider.Volume=1
[01:50:45.053] SetVolume(1.00, isMuted=False) -> VolumeProvider.Volume=1
[01:50:45.060] SetVolume(1.00, isMuted=False) -> VolumeProvider.Volume=1
[01:50:45.070] SetVolume(1.00, isMuted=False) -> VolumeProvider.Volume=1
[01:50:45.076] SetVolume(1.00, isMuted=False) -> VolumeProvider.Volume=1
[01:50:45.087] SetVolume(1.00, isMuted=False) -> VolumeProvider.Volume=1
[01:50:45.094] SetVolume(1.00, isMuted=False) -> VolumeProvider.Volume=1
[01:50:45.108] SetVolume(1.00, isMuted=False) -> VolumeProvider.Volume=1
[01:50:45.134] SetVolume(1.00, isMuted=False) -> VolumeProvider.Volume=1
[01:50:45.156] SetVolume(1.00, isMuted=False) -> VolumeProvider.Volume=1
[01:50:45.180] SetVolume(1.00, isMuted=False) -> VolumeProvider.Volume=1
[01:50:45.205] SetVolume(1.00, isMuted=False) -> VolumeProvider.Volume=1
[01:50:45.219] SetVolume(1.00, isMuted=False) -> VolumeProvider.Volume=1
[01:50:45.245] SetVolume(1.00, isMuted=False) -> VolumeProvider.Volume=1
[01:50:45.267] SetVolume(1.00, isMuted=False) -> VolumeProvider.Volume=1
[01:50:45.285] SetVolume(1.00, isMuted=False) -> VolumeProvider.Volume=1
[01:50:45.292] SetVolume(1.00, isMuted=False) -> VolumeProvider.Volume=1
[01:50:45.301] SetVolume(1.00, isMuted=False) -> VolumeProvider.Volume=1
[01:50:45.308] SetVolume(1.00, isMuted=False) -> VolumeProvider.Volume=1
[01:50:45.319] SetVolume(1.00, isMuted=False) -> VolumeProvider.Volume=1
[01:50:45.336] SetVolume(1.00, isMuted=False) -> VolumeProvider.Volume=1
[01:50:45.341] SetVolume(1.00, isMuted=False) -> VolumeProvider.Volume=1
[01:50:45.355] SetVolume(1.00, isMuted=False) -> VolumeProvider.Volume=1
[01:50:45.372] SetVolume(1.00, isMuted=False) -> VolumeProvider.Volume=1
[01:50:45.396] SetVolume(1.00, isMuted=False) -> VolumeProvider.Volume=1
[01:50:47.141] SetVolume(1.00, isMuted=False) -> VolumeProvider.Volume=1
[01:50:47.155] SetVolume(1.00, isMuted=False) -> VolumeProvider.Volume=1
[01:50:47.164] SetVolume(1.00, isMuted=False) -> VolumeProvider.Volume=1
[01:50:47.172] SetVolume(1.00, isMuted=False) -> VolumeProvider.Volume=1
[01:50:47.181] SetVolume(1.00, isMuted=False) -> VolumeProvider.Volume=1
[01:50:47.188] SetVolume(1.00, isMuted=False) -> VolumeProvider.Volume=1
[01:50:47.196] SetVolume(1.00, isMuted=False) -> VolumeProvider.Volume=1
[01:50:47.207] SetVolume(1.00, isMuted=False) -> VolumeProvider.Volume=1
[01:50:47.212] SetVolume(1.00, isMuted=False) -> VolumeProvider.Volume=1
[01:50:47.222] SetVolume(1.00, isMuted=False) -> VolumeProvider.Volume=1
[01:50:47.228] SetVolume(1.00, isMuted=False) -> VolumeProvider.Volume=1
[01:50:47.238] SetVolume(1.00, isMuted=False) -> VolumeProvider.Volume=1
[01:50:47.243] SetVolume(1.00, isMuted=False) -> VolumeProvider.Volume=1
[01:50:47.255] SetVolume(1.00, isMuted=False) -> VolumeProvider.Volume=1
[01:50:47.260] SetVolume(1.00, isMuted=False) -> VolumeProvider.Volume=1
[01:50:47.269] SetVolume(1.00, isMuted=False) -> VolumeProvider.Volume=1
[01:50:47.275] SetVolume(1.00, isMuted=False) -> VolumeProvider.Volume=1
[01:50:47.284] SetVolume(1.00, isMuted=False) -> VolumeProvider.Volume=1
[01:50:47.293] SetVolume(1.00, isMuted=False) -> VolumeProvider.Volume=1
[01:50:47.301] SetVolume(1.00, isMuted=False) -> VolumeProvider.Volume=1
[01:50:47.308] SetVolume(1.00, isMuted=False) -> VolumeProvider.Volume=1
[01:50:47.318] SetVolume(1.00, isMuted=False) -> VolumeProvider.Volume=1
[01:50:47.324] SetVolume(1.00, isMuted=False) -> VolumeProvider.Volume=1
[01:50:47.334] SetVolume(1.00, isMuted=False) -> VolumeProvider.Volume=1
[01:50:47.380] SetVolume(1.00, isMuted=False) -> VolumeProvider.Volume=1
[01:50:47.435] SetVolume(1.00, isMuted=False) -> VolumeProvider.Volume=1
[01:50:47.468] SetVolume(1.00, isMuted=False) -> VolumeProvider.Volume=1
[01:50:47.548] SetVolume(1.00, isMuted=False) -> VolumeProvider.Volume=1
[01:50:48.403] SetVolume(1.00, isMuted=False) -> VolumeProvider.Volume=1
[01:50:48.469] SetVolume(1.00, isMuted=False) -> VolumeProvider.Volume=1
[01:50:48.486] SetVolume(1.00, isMuted=False) -> VolumeProvider.Volume=1
[01:50:48.496] SetVolume(1.00, isMuted=False) -> VolumeProvider.Volume=1
[01:50:48.511] SetVolume(1.00, isMuted=False) -> VolumeProvider.Volume=1
[01:50:48.528] SetVolume(1.00, isMuted=False) -> VolumeProvider.Volume=1
[01:50:49.658] Read #900: requested=16382, read=16382, maxSample=0.000916
[01:50:49.804] SetVolume(1.00, isMuted=False) -> VolumeProvider.Volume=1
[01:50:50.700] SetVolume(1.00, isMuted=False) -> VolumeProvider.Volume=1
[01:50:51.811] SetVolume(1.00, isMuted=False) -> VolumeProvider.Volume=1
[01:50:51.821] SetVolume(1.00, isMuted=False) -> VolumeProvider.Volume=1
[01:50:51.828] SetVolume(1.00, isMuted=False) -> VolumeProvider.Volume=1
[01:50:51.838] SetVolume(1.00, isMuted=False) -> VolumeProvider.Volume=1
[01:50:51.845] SetVolume(1.00, isMuted=False) -> VolumeProvider.Volume=1
[01:50:51.854] SetVolume(1.00, isMuted=False) -> VolumeProvider.Volume=1
[01:50:51.860] SetVolume(1.00, isMuted=False) -> VolumeProvider.Volume=1
[01:50:51.869] SetVolume(1.00, isMuted=False) -> VolumeProvider.Volume=1
[01:50:51.876] SetVolume(1.00, isMuted=False) -> VolumeProvider.Volume=1
[01:50:51.885] SetVolume(1.00, isMuted=False) -> VolumeProvider.Volume=1
[01:50:51.892] SetVolume(1.00, isMuted=False) -> VolumeProvider.Volume=1
[01:50:51.902] SetVolume(1.00, isMuted=False) -> VolumeProvider.Volume=1
[01:50:51.921] SetVolume(1.00, isMuted=False) -> VolumeProvider.Volume=1
[01:50:51.927] SetVolume(1.00, isMuted=False) -> VolumeProvider.Volume=1
[01:50:51.949] SetVolume(1.00, isMuted=False) -> VolumeProvider.Volume=1
[01:50:51.971] SetVolume(1.00, isMuted=False) -> VolumeProvider.Volume=1
[01:50:53.459] SetVolume(1.00, isMuted=False) -> VolumeProvider.Volume=1
[01:50:55.763] SetVolume(1.00, isMuted=False) -> VolumeProvider.Volume=1
[01:50:55.764] SetVolume(1.00, isMuted=False) -> VolumeProvider.Volume=1
[01:50:57.468] SetVolume(1.00, isMuted=False) -> VolumeProvider.Volume=1
[01:50:58.163] SetVolume(1.00, isMuted=False) -> VolumeProvider.Volume=1
[01:50:58.180] SetVolume(1.00, isMuted=False) -> VolumeProvider.Volume=1
[01:50:58.188] SetVolume(1.00, isMuted=False) -> VolumeProvider.Volume=1
[01:50:58.196] SetVolume(1.00, isMuted=False) -> VolumeProvider.Volume=1
[01:50:58.206] SetVolume(1.00, isMuted=False) -> VolumeProvider.Volume=1
[01:50:58.213] SetVolume(1.00, isMuted=False) -> VolumeProvider.Volume=1
[01:50:58.221] SetVolume(1.00, isMuted=False) -> VolumeProvider.Volume=1
[01:50:58.228] SetVolume(1.00, isMuted=False) -> VolumeProvider.Volume=1
[01:50:58.244] SetVolume(1.00, isMuted=False) -> VolumeProvider.Volume=1
[01:50:58.260] SetVolume(1.00, isMuted=False) -> VolumeProvider.Volume=1
[01:50:58.292] SetVolume(1.00, isMuted=False) -> VolumeProvider.Volume=1
[01:50:58.320] SetVolume(1.00, isMuted=False) -> VolumeProvider.Volume=1
[01:50:58.340] SetVolume(1.00, isMuted=False) -> VolumeProvider.Volume=1
[01:50:58.451] SetVolume(1.00, isMuted=False) -> VolumeProvider.Volume=1
[01:50:58.949] Read #950: requested=16382, read=16382, maxSample=0.000885
[01:51:01.796] SetVolume(1.00, isMuted=False) -> VolumeProvider.Volume=1
[01:51:01.813] SetVolume(1.00, isMuted=False) -> VolumeProvider.Volume=1
[01:51:01.828] SetVolume(1.00, isMuted=False) -> VolumeProvider.Volume=1
[01:51:01.838] SetVolume(1.00, isMuted=False) -> VolumeProvider.Volume=1
[01:51:01.860] SetVolume(1.00, isMuted=False) -> VolumeProvider.Volume=1
[01:51:01.884] SetVolume(1.00, isMuted=False) -> VolumeProvider.Volume=1
[01:51:01.909] SetVolume(1.00, isMuted=False) -> VolumeProvider.Volume=1
[01:51:01.924] SetVolume(1.00, isMuted=False) -> VolumeProvider.Volume=1
[01:51:01.936] SetVolume(1.00, isMuted=False) -> VolumeProvider.Volume=1
[01:51:01.948] SetVolume(1.00, isMuted=False) -> VolumeProvider.Volume=1
[01:51:01.960] SetVolume(1.00, isMuted=False) -> VolumeProvider.Volume=1
[01:51:01.975] SetVolume(1.00, isMuted=False) -> VolumeProvider.Volume=1
[01:51:05.955] SetVolume(1.00, isMuted=False) -> VolumeProvider.Volume=1
[01:51:05.964] SetVolume(1.00, isMuted=False) -> VolumeProvider.Volume=1
[01:51:05.974] SetVolume(1.00, isMuted=False) -> VolumeProvider.Volume=1
[01:51:05.980] SetVolume(1.00, isMuted=False) -> VolumeProvider.Volume=1
[01:51:05.996] SetVolume(1.00, isMuted=False) -> VolumeProvider.Volume=1
[01:51:06.010] SetVolume(1.00, isMuted=False) -> VolumeProvider.Volume=1
[01:51:06.016] SetVolume(1.00, isMuted=False) -> VolumeProvider.Volume=1
[01:51:06.023] SetVolume(1.00, isMuted=False) -> VolumeProvider.Volume=1
[01:51:06.039] SetVolume(1.00, isMuted=False) -> VolumeProvider.Volume=1
[01:51:06.044] SetVolume(1.00, isMuted=False) -> VolumeProvider.Volume=1
[01:51:06.068] SetVolume(1.00, isMuted=False) -> VolumeProvider.Volume=1
[01:51:06.085] SetVolume(1.00, isMuted=False) -> VolumeProvider.Volume=1
[01:51:08.228] Read #1000: requested=16382, read=16382, maxSample=0.041260
[01:51:08.486] SetVolume(1.00, isMuted=False) -> VolumeProvider.Volume=1
[01:51:08.502] SetVolume(1.00, isMuted=False) -> VolumeProvider.Volume=1
[01:51:08.520] SetVolume(1.00, isMuted=False) -> VolumeProvider.Volume=1
[01:51:08.525] SetVolume(1.00, isMuted=False) -> VolumeProvider.Volume=1
[01:51:08.536] SetVolume(1.00, isMuted=False) -> VolumeProvider.Volume=1
[01:51:08.550] SetVolume(1.00, isMuted=False) -> VolumeProvider.Volume=1
[01:51:08.558] SetVolume(1.00, isMuted=False) -> VolumeProvider.Volume=1
[01:51:08.587] SetVolume(1.00, isMuted=False) -> VolumeProvider.Volume=1
[01:51:08.619] SetVolume(1.00, isMuted=False) -> VolumeProvider.Volume=1
[01:51:08.637] SetVolume(1.00, isMuted=False) -> VolumeProvider.Volume=1
[01:51:08.668] SetVolume(1.00, isMuted=False) -> VolumeProvider.Volume=1
[01:51:08.723] SetVolume(1.00, isMuted=False) -> VolumeProvider.Volume=1
[01:51:10.501] SetVolume(1.00, isMuted=False) -> VolumeProvider.Volume=1
[01:51:10.524] SetVolume(1.00, isMuted=False) -> VolumeProvider.Volume=1
[01:51:10.540] SetVolume(1.00, isMuted=False) -> VolumeProvider.Volume=1
[01:51:10.555] SetVolume(1.00, isMuted=False) -> VolumeProvider.Volume=1
[01:51:10.580] SetVolume(1.00, isMuted=False) -> VolumeProvider.Volume=1
[01:51:10.596] SetVolume(1.00, isMuted=False) -> VolumeProvider.Volume=1
[01:51:10.612] SetVolume(1.00, isMuted=False) -> VolumeProvider.Volume=1
[01:51:10.621] SetVolume(1.00, isMuted=False) -> VolumeProvider.Volume=1
[01:51:10.637] SetVolume(1.00, isMuted=False) -> VolumeProvider.Volume=1
[01:51:10.653] SetVolume(1.00, isMuted=False) -> VolumeProvider.Volume=1
[01:51:10.669] SetVolume(1.00, isMuted=False) -> VolumeProvider.Volume=1
[01:51:10.691] SetVolume(1.00, isMuted=False) -> VolumeProvider.Volume=1
[01:51:12.451] Seek(335.24s) invoked.
[01:51:12.467] Seek(335.24s) invoked.
[01:51:12.475] Seek(335.24s) invoked.
[01:51:12.484] Seek(335.24s) invoked.
[01:51:12.499] Seek(335.24s) invoked.
[01:51:12.506] Seek(335.24s) invoked.
[01:51:12.515] Seek(335.24s) invoked.
[01:51:12.533] Seek(335.24s) invoked.
[01:51:13.398] Read #1050: requested=3000, read=3000, maxSample=0.178375
[01:51:15.059] SetVolume(1.00, isMuted=False) -> VolumeProvider.Volume=1
[01:51:15.099] Read #1100: requested=3000, read=3000, maxSample=0.114960
[01:51:15.103] SetVolume(1.00, isMuted=False) -> VolumeProvider.Volume=1
[01:51:15.111] SetVolume(1.00, isMuted=False) -> VolumeProvider.Volume=1
[01:51:15.126] SetVolume(1.00, isMuted=False) -> VolumeProvider.Volume=1
[01:51:15.137] SetVolume(1.00, isMuted=False) -> VolumeProvider.Volume=1
[01:51:15.143] SetVolume(1.00, isMuted=False) -> VolumeProvider.Volume=1
[01:51:15.150] SetVolume(1.00, isMuted=False) -> VolumeProvider.Volume=1
[01:51:15.157] SetVolume(1.00, isMuted=False) -> VolumeProvider.Volume=1
[01:51:15.167] SetVolume(1.00, isMuted=False) -> VolumeProvider.Volume=1
[01:51:15.179] SetVolume(1.00, isMuted=False) -> VolumeProvider.Volume=1
[01:51:15.190] SetVolume(1.00, isMuted=False) -> VolumeProvider.Volume=1
[01:51:15.198] SetVolume(1.00, isMuted=False) -> VolumeProvider.Volume=1
[01:51:15.212] SetVolume(1.00, isMuted=False) -> VolumeProvider.Volume=1
[01:51:15.917] SetVolume(1.00, isMuted=False) -> VolumeProvider.Volume=1
[01:51:15.971] SetVolume(1.00, isMuted=False) -> VolumeProvider.Volume=1
[01:51:15.987] SetVolume(1.00, isMuted=False) -> VolumeProvider.Volume=1
[01:51:16.004] SetVolume(1.00, isMuted=False) -> VolumeProvider.Volume=1
[01:51:16.020] SetVolume(1.00, isMuted=False) -> VolumeProvider.Volume=1
[01:51:16.029] SetVolume(1.00, isMuted=False) -> VolumeProvider.Volume=1
[01:51:16.044] SetVolume(1.00, isMuted=False) -> VolumeProvider.Volume=1
[01:51:16.055] SetVolume(1.00, isMuted=False) -> VolumeProvider.Volume=1
[01:51:16.062] SetVolume(1.00, isMuted=False) -> VolumeProvider.Volume=1
[01:51:16.073] SetVolume(1.00, isMuted=False) -> VolumeProvider.Volume=1
[01:51:16.079] SetVolume(1.00, isMuted=False) -> VolumeProvider.Volume=1
[01:51:16.087] SetVolume(1.00, isMuted=False) -> VolumeProvider.Volume=1
[01:51:16.094] SetVolume(1.00, isMuted=False) -> VolumeProvider.Volume=1
[01:51:16.103] SetVolume(1.00, isMuted=False) -> VolumeProvider.Volume=1
[01:51:16.109] SetVolume(1.00, isMuted=False) -> VolumeProvider.Volume=1
[01:51:16.121] SetVolume(1.00, isMuted=False) -> VolumeProvider.Volume=1
[01:51:16.126] SetVolume(1.00, isMuted=False) -> VolumeProvider.Volume=1
[01:51:16.137] SetVolume(1.00, isMuted=False) -> VolumeProvider.Volume=1
[01:51:16.144] SetVolume(1.00, isMuted=False) -> VolumeProvider.Volume=1
[01:51:16.159] SetVolume(1.00, isMuted=False) -> VolumeProvider.Volume=1
[01:51:16.798] Read #1150: requested=3000, read=3000, maxSample=0.100922
[01:51:17.196] SetVolume(1.00, isMuted=False) -> VolumeProvider.Volume=1
[01:51:17.252] SetVolume(1.00, isMuted=False) -> VolumeProvider.Volume=1
[01:51:17.262] SetVolume(1.00, isMuted=False) -> VolumeProvider.Volume=1
[01:51:17.271] SetVolume(1.00, isMuted=False) -> VolumeProvider.Volume=1
[01:51:17.277] SetVolume(1.00, isMuted=False) -> VolumeProvider.Volume=1
[01:51:17.286] SetVolume(1.00, isMuted=False) -> VolumeProvider.Volume=1
[01:51:17.294] SetVolume(1.00, isMuted=False) -> VolumeProvider.Volume=1
[01:51:17.304] SetVolume(1.00, isMuted=False) -> VolumeProvider.Volume=1
[01:51:17.309] SetVolume(1.00, isMuted=False) -> VolumeProvider.Volume=1
[01:51:17.321] SetVolume(1.00, isMuted=False) -> VolumeProvider.Volume=1
[01:51:17.327] SetVolume(1.00, isMuted=False) -> VolumeProvider.Volume=1
[01:51:17.336] SetVolume(1.00, isMuted=False) -> VolumeProvider.Volume=1
[01:51:17.342] SetVolume(1.00, isMuted=False) -> VolumeProvider.Volume=1
[01:51:17.349] SetVolume(1.00, isMuted=False) -> VolumeProvider.Volume=1
[01:51:17.361] SetVolume(1.00, isMuted=False) -> VolumeProvider.Volume=1
[01:51:17.368] SetVolume(1.00, isMuted=False) -> VolumeProvider.Volume=1
[01:51:18.469] SetVolume(1.00, isMuted=False) -> VolumeProvider.Volume=1
[01:51:18.498] Read #1200: requested=3000, read=3000, maxSample=0.310272
[01:51:18.522] SetVolume(1.00, isMuted=False) -> VolumeProvider.Volume=1
[01:51:18.527] SetVolume(1.00, isMuted=False) -> VolumeProvider.Volume=1
[01:51:18.541] SetVolume(1.00, isMuted=False) -> VolumeProvider.Volume=1
[01:51:18.555] SetVolume(1.00, isMuted=False) -> VolumeProvider.Volume=1
[01:51:18.572] SetVolume(1.00, isMuted=False) -> VolumeProvider.Volume=1
[01:51:18.589] SetVolume(1.00, isMuted=False) -> VolumeProvider.Volume=1
[01:51:18.600] SetVolume(1.00, isMuted=False) -> VolumeProvider.Volume=1
[01:51:18.609] SetVolume(1.00, isMuted=False) -> VolumeProvider.Volume=1
[01:51:18.621] SetVolume(1.00, isMuted=False) -> VolumeProvider.Volume=1
[01:51:18.631] SetVolume(1.00, isMuted=False) -> VolumeProvider.Volume=1
[01:51:18.639] SetVolume(1.00, isMuted=False) -> VolumeProvider.Volume=1
[01:51:18.646] SetVolume(1.00, isMuted=False) -> VolumeProvider.Volume=1
[01:51:18.653] SetVolume(1.00, isMuted=False) -> VolumeProvider.Volume=1
[01:51:18.661] SetVolume(1.00, isMuted=False) -> VolumeProvider.Volume=1
[01:51:18.669] SetVolume(1.00, isMuted=False) -> VolumeProvider.Volume=1
[01:51:18.678] SetVolume(1.00, isMuted=False) -> VolumeProvider.Volume=1
[01:51:18.688] SetVolume(1.00, isMuted=False) -> VolumeProvider.Volume=1
[01:51:20.019] SetVolume(1.00, isMuted=False) -> VolumeProvider.Volume=1
[01:51:20.032] SetVolume(1.00, isMuted=False) -> VolumeProvider.Volume=1
[01:51:20.043] SetVolume(1.00, isMuted=False) -> VolumeProvider.Volume=1
[01:51:20.050] SetVolume(1.00, isMuted=False) -> VolumeProvider.Volume=1
[01:51:20.059] SetVolume(1.00, isMuted=False) -> VolumeProvider.Volume=1
[01:51:20.070] SetVolume(1.00, isMuted=False) -> VolumeProvider.Volume=1
[01:51:20.085] SetVolume(1.00, isMuted=False) -> VolumeProvider.Volume=1
[01:51:20.123] SetVolume(1.00, isMuted=False) -> VolumeProvider.Volume=1
[01:51:20.187] SetVolume(1.00, isMuted=False) -> VolumeProvider.Volume=1
[01:51:20.196] SetVolume(1.00, isMuted=False) -> VolumeProvider.Volume=1
[01:51:20.199] Read #1250: requested=3000, read=3000, maxSample=0.177673
[01:51:20.212] SetVolume(1.00, isMuted=False) -> VolumeProvider.Volume=1
[01:51:20.228] SetVolume(1.00, isMuted=False) -> VolumeProvider.Volume=1
[01:51:20.276] SetVolume(1.00, isMuted=False) -> VolumeProvider.Volume=1
[01:51:20.301] SetVolume(1.00, isMuted=False) -> VolumeProvider.Volume=1
[01:51:20.311] SetVolume(1.00, isMuted=False) -> VolumeProvider.Volume=1
[01:51:20.492] SetVolume(1.00, isMuted=False) -> VolumeProvider.Volume=1
[01:51:20.524] SetVolume(1.00, isMuted=False) -> VolumeProvider.Volume=1
[01:51:20.579] SetVolume(1.00, isMuted=False) -> VolumeProvider.Volume=1
[01:51:21.379] SetVolume(1.00, isMuted=False) -> VolumeProvider.Volume=1
[01:51:21.460] SetVolume(1.00, isMuted=False) -> VolumeProvider.Volume=1
[01:51:21.473] SetVolume(1.00, isMuted=False) -> VolumeProvider.Volume=1
[01:51:21.478] SetVolume(1.00, isMuted=False) -> VolumeProvider.Volume=1
[01:51:21.488] SetVolume(1.00, isMuted=False) -> VolumeProvider.Volume=1
[01:51:21.494] SetVolume(1.00, isMuted=False) -> VolumeProvider.Volume=1
[01:51:21.508] SetVolume(1.00, isMuted=False) -> VolumeProvider.Volume=1
[01:51:21.627] SetVolume(1.00, isMuted=False) -> VolumeProvider.Volume=1
[01:51:21.652] SetVolume(1.00, isMuted=False) -> VolumeProvider.Volume=1
[01:51:21.676] SetVolume(1.00, isMuted=False) -> VolumeProvider.Volume=1
[01:51:21.803] SetVolume(1.00, isMuted=False) -> VolumeProvider.Volume=1
[01:51:21.908] Read #1300: requested=3000, read=3000, maxSample=0.216644
[01:51:22.083] SetVolume(1.00, isMuted=False) -> VolumeProvider.Volume=1
[01:51:23.021] SetVolume(1.00, isMuted=False) -> VolumeProvider.Volume=1
[01:51:23.100] SetVolume(1.00, isMuted=False) -> VolumeProvider.Volume=1
[01:51:23.124] SetVolume(1.00, isMuted=False) -> VolumeProvider.Volume=1
[01:51:23.140] SetVolume(1.00, isMuted=False) -> VolumeProvider.Volume=1
[01:51:23.149] SetVolume(1.00, isMuted=False) -> VolumeProvider.Volume=1
[01:51:23.165] SetVolume(1.00, isMuted=False) -> VolumeProvider.Volume=1
[01:51:23.172] SetVolume(1.00, isMuted=False) -> VolumeProvider.Volume=1
[01:51:23.212] SetVolume(1.00, isMuted=False) -> VolumeProvider.Volume=1
[01:51:23.339] SetVolume(1.00, isMuted=False) -> VolumeProvider.Volume=1
[01:51:23.608] Read #1350: requested=3000, read=3000, maxSample=0.117462
[01:51:24.219] SetVolume(1.00, isMuted=False) -> VolumeProvider.Volume=1
[01:51:24.291] SetVolume(1.00, isMuted=False) -> VolumeProvider.Volume=1
[01:51:24.317] SetVolume(1.00, isMuted=False) -> VolumeProvider.Volume=1
[01:51:24.340] SetVolume(1.00, isMuted=False) -> VolumeProvider.Volume=1
[01:51:24.371] SetVolume(1.00, isMuted=False) -> VolumeProvider.Volume=1
[01:51:25.308] Read #1400: requested=3000, read=3000, maxSample=0.218475
[01:51:27.008] Read #1450: requested=3000, read=3000, maxSample=0.214874
[01:51:27.539] SetVolume(1.00, isMuted=False) -> VolumeProvider.Volume=1
[01:51:27.555] SetVolume(1.00, isMuted=False) -> VolumeProvider.Volume=1
[01:51:27.565] SetVolume(1.00, isMuted=False) -> VolumeProvider.Volume=1
[01:51:27.573] SetVolume(1.00, isMuted=False) -> VolumeProvider.Volume=1
[01:51:27.580] SetVolume(1.00, isMuted=False) -> VolumeProvider.Volume=1
[01:51:27.587] SetVolume(1.00, isMuted=False) -> VolumeProvider.Volume=1
[01:51:27.596] SetVolume(1.00, isMuted=False) -> VolumeProvider.Volume=1
[01:51:27.605] SetVolume(1.00, isMuted=False) -> VolumeProvider.Volume=1
[01:51:27.612] SetVolume(1.00, isMuted=False) -> VolumeProvider.Volume=1
[01:51:27.620] SetVolume(1.00, isMuted=False) -> VolumeProvider.Volume=1
[01:51:27.628] SetVolume(1.00, isMuted=False) -> VolumeProvider.Volume=1
[01:51:27.651] SetVolume(1.00, isMuted=False) -> VolumeProvider.Volume=1
[01:51:28.419] SetVolume(1.00, isMuted=False) -> VolumeProvider.Volume=1
[01:51:28.428] SetVolume(1.00, isMuted=False) -> VolumeProvider.Volume=1
[01:51:28.440] SetVolume(1.00, isMuted=False) -> VolumeProvider.Volume=1
[01:51:28.445] SetVolume(1.00, isMuted=False) -> VolumeProvider.Volume=1
[01:51:28.453] SetVolume(1.00, isMuted=False) -> VolumeProvider.Volume=1
[01:51:28.460] SetVolume(1.00, isMuted=False) -> VolumeProvider.Volume=1
[01:51:28.468] SetVolume(1.00, isMuted=False) -> VolumeProvider.Volume=1
[01:51:28.476] SetVolume(1.00, isMuted=False) -> VolumeProvider.Volume=1
[01:51:28.487] SetVolume(1.00, isMuted=False) -> VolumeProvider.Volume=1
[01:51:28.492] SetVolume(1.00, isMuted=False) -> VolumeProvider.Volume=1
[01:51:28.502] SetVolume(1.00, isMuted=False) -> VolumeProvider.Volume=1
[01:51:28.508] SetVolume(1.00, isMuted=False) -> VolumeProvider.Volume=1
[01:51:28.519] SetVolume(1.00, isMuted=False) -> VolumeProvider.Volume=1
[01:51:28.708] Read #1500: requested=3000, read=3000, maxSample=0.200684
[01:51:29.419] SetVolume(1.00, isMuted=False) -> VolumeProvider.Volume=1
[01:51:29.428] SetVolume(1.00, isMuted=False) -> VolumeProvider.Volume=1
[01:51:29.439] SetVolume(1.00, isMuted=False) -> VolumeProvider.Volume=1
[01:51:29.453] SetVolume(1.00, isMuted=False) -> VolumeProvider.Volume=1
[01:51:29.460] SetVolume(1.00, isMuted=False) -> VolumeProvider.Volume=1
[01:51:29.492] SetVolume(1.00, isMuted=False) -> VolumeProvider.Volume=1
[01:51:29.549] SetVolume(1.00, isMuted=False) -> VolumeProvider.Volume=1
[01:51:29.571] SetVolume(1.00, isMuted=False) -> VolumeProvider.Volume=1
[01:51:29.580] SetVolume(1.00, isMuted=False) -> VolumeProvider.Volume=1
[01:51:29.603] SetVolume(1.00, isMuted=False) -> VolumeProvider.Volume=1
[01:51:29.700] SetVolume(1.00, isMuted=False) -> VolumeProvider.Volume=1
[01:51:29.748] SetVolume(1.00, isMuted=False) -> VolumeProvider.Volume=1
[01:51:30.408] Read #1550: requested=3000, read=3000, maxSample=0.159271
[01:51:32.108] Read #1600: requested=3000, read=3000, maxSample=0.082581
[01:51:33.164] SetVolume(1.00, isMuted=False) -> VolumeProvider.Volume=1
[01:51:33.206] SetVolume(1.00, isMuted=False) -> VolumeProvider.Volume=1
[01:51:33.216] SetVolume(1.00, isMuted=False) -> VolumeProvider.Volume=1
[01:51:33.224] SetVolume(1.00, isMuted=False) -> VolumeProvider.Volume=1
[01:51:33.231] SetVolume(1.00, isMuted=False) -> VolumeProvider.Volume=1
[01:51:33.243] SetVolume(1.00, isMuted=False) -> VolumeProvider.Volume=1
[01:51:33.247] SetVolume(1.00, isMuted=False) -> VolumeProvider.Volume=1
[01:51:33.254] SetVolume(1.00, isMuted=False) -> VolumeProvider.Volume=1
[01:51:33.261] SetVolume(1.00, isMuted=False) -> VolumeProvider.Volume=1
[01:51:33.270] SetVolume(1.00, isMuted=False) -> VolumeProvider.Volume=1
[01:51:33.276] SetVolume(1.00, isMuted=False) -> VolumeProvider.Volume=1
[01:51:33.292] SetVolume(1.00, isMuted=False) -> VolumeProvider.Volume=1
[01:51:33.316] SetVolume(1.00, isMuted=False) -> VolumeProvider.Volume=1
[01:51:33.335] SetVolume(1.00, isMuted=False) -> VolumeProvider.Volume=1
[01:51:33.341] SetVolume(1.00, isMuted=False) -> VolumeProvider.Volume=1
[01:51:33.357] SetVolume(1.00, isMuted=False) -> VolumeProvider.Volume=1
[01:51:33.366] SetVolume(1.00, isMuted=False) -> VolumeProvider.Volume=1
[01:51:33.375] SetVolume(1.00, isMuted=False) -> VolumeProvider.Volume=1
[01:51:33.388] SetVolume(1.00, isMuted=False) -> VolumeProvider.Volume=1
[01:51:33.399] SetVolume(1.00, isMuted=False) -> VolumeProvider.Volume=1
[01:51:33.407] SetVolume(1.00, isMuted=False) -> VolumeProvider.Volume=1
[01:51:33.412] SetVolume(1.00, isMuted=False) -> VolumeProvider.Volume=1
[01:51:33.421] SetVolume(1.00, isMuted=False) -> VolumeProvider.Volume=1
[01:51:33.436] SetVolume(1.00, isMuted=False) -> VolumeProvider.Volume=1
[01:51:33.452] SetVolume(1.00, isMuted=False) -> VolumeProvider.Volume=1
[01:51:33.461] SetVolume(1.00, isMuted=False) -> VolumeProvider.Volume=1
[01:51:33.469] SetVolume(1.00, isMuted=False) -> VolumeProvider.Volume=1
[01:51:33.477] SetVolume(1.00, isMuted=False) -> VolumeProvider.Volume=1
[01:51:33.492] SetVolume(1.00, isMuted=False) -> VolumeProvider.Volume=1
[01:51:33.507] SetVolume(1.00, isMuted=False) -> VolumeProvider.Volume=1
[01:51:33.748] SetVolume(1.00, isMuted=False) -> VolumeProvider.Volume=1
[01:51:33.771] SetVolume(1.00, isMuted=False) -> VolumeProvider.Volume=1
[01:51:33.804] SetVolume(1.00, isMuted=False) -> VolumeProvider.Volume=1
[01:51:33.808] Read #1650: requested=3000, read=3000, maxSample=0.251190
[01:51:33.813] SetVolume(1.00, isMuted=False) -> VolumeProvider.Volume=1
[01:51:33.824] SetVolume(1.00, isMuted=False) -> VolumeProvider.Volume=1
[01:51:33.832] SetVolume(1.00, isMuted=False) -> VolumeProvider.Volume=1
[01:51:33.844] SetVolume(1.00, isMuted=False) -> VolumeProvider.Volume=1
[01:51:33.849] SetVolume(1.00, isMuted=False) -> VolumeProvider.Volume=1
[01:51:33.861] SetVolume(1.00, isMuted=False) -> VolumeProvider.Volume=1
[01:51:33.903] SetVolume(1.00, isMuted=False) -> VolumeProvider.Volume=1
[01:51:33.919] SetVolume(1.00, isMuted=False) -> VolumeProvider.Volume=1
[01:51:33.925] SetVolume(1.00, isMuted=False) -> VolumeProvider.Volume=1
[01:51:33.937] SetVolume(1.00, isMuted=False) -> VolumeProvider.Volume=1
[01:51:33.941] SetVolume(1.00, isMuted=False) -> VolumeProvider.Volume=1
[01:51:33.950] SetVolume(1.00, isMuted=False) -> VolumeProvider.Volume=1
[01:51:33.957] SetVolume(1.00, isMuted=False) -> VolumeProvider.Volume=1
[01:51:33.967] SetVolume(1.00, isMuted=False) -> VolumeProvider.Volume=1
[01:51:33.975] SetVolume(1.00, isMuted=False) -> VolumeProvider.Volume=1
[01:51:33.982] SetVolume(1.00, isMuted=False) -> VolumeProvider.Volume=1
[01:51:33.988] SetVolume(1.00, isMuted=False) -> VolumeProvider.Volume=1
[01:51:34.000] SetVolume(1.00, isMuted=False) -> VolumeProvider.Volume=1
[01:51:34.015] SetVolume(1.00, isMuted=False) -> VolumeProvider.Volume=1
[01:51:34.285] SetVolume(1.00, isMuted=False) -> VolumeProvider.Volume=1
[01:51:34.382] SetVolume(1.00, isMuted=False) -> VolumeProvider.Volume=1
[01:51:34.532] SetVolume(1.00, isMuted=False) -> VolumeProvider.Volume=1
[01:51:34.571] SetVolume(1.00, isMuted=False) -> VolumeProvider.Volume=1
[01:51:35.003] SetVolume(1.00, isMuted=False) -> VolumeProvider.Volume=1
[01:51:35.019] SetVolume(1.00, isMuted=False) -> VolumeProvider.Volume=1
[01:51:35.038] SetVolume(1.00, isMuted=False) -> VolumeProvider.Volume=1
[01:51:35.102] SetVolume(1.00, isMuted=False) -> VolumeProvider.Volume=1
[01:51:35.228] SetVolume(1.00, isMuted=False) -> VolumeProvider.Volume=1
[01:51:35.276] SetVolume(1.00, isMuted=False) -> VolumeProvider.Volume=1
[01:51:35.332] SetVolume(1.00, isMuted=False) -> VolumeProvider.Volume=1
[01:51:35.508] Read #1700: requested=3000, read=3000, maxSample=0.234589
[01:51:36.211] SetVolume(1.00, isMuted=False) -> VolumeProvider.Volume=1
[01:51:36.235] SetVolume(1.00, isMuted=False) -> VolumeProvider.Volume=1
[01:51:36.244] SetVolume(1.00, isMuted=False) -> VolumeProvider.Volume=1
[01:51:36.253] SetVolume(1.00, isMuted=False) -> VolumeProvider.Volume=1
[01:51:36.269] SetVolume(1.00, isMuted=False) -> VolumeProvider.Volume=1
[01:51:36.277] SetVolume(1.00, isMuted=False) -> VolumeProvider.Volume=1
[01:51:36.308] SetVolume(1.00, isMuted=False) -> VolumeProvider.Volume=1
[01:51:36.365] SetVolume(1.00, isMuted=False) -> VolumeProvider.Volume=1
[01:51:36.387] SetVolume(1.00, isMuted=False) -> VolumeProvider.Volume=1
[01:51:36.419] SetVolume(1.00, isMuted=False) -> VolumeProvider.Volume=1
[01:51:36.965] SetVolume(1.00, isMuted=False) -> VolumeProvider.Volume=1
[01:51:36.987] SetVolume(1.00, isMuted=False) -> VolumeProvider.Volume=1
[01:51:37.003] SetVolume(1.00, isMuted=False) -> VolumeProvider.Volume=1
[01:51:37.019] SetVolume(1.00, isMuted=False) -> VolumeProvider.Volume=1
[01:51:37.027] SetVolume(1.00, isMuted=False) -> VolumeProvider.Volume=1
[01:51:37.045] SetVolume(1.00, isMuted=False) -> VolumeProvider.Volume=1
[01:51:37.053] SetVolume(1.00, isMuted=False) -> VolumeProvider.Volume=1
[01:51:37.069] SetVolume(1.00, isMuted=False) -> VolumeProvider.Volume=1
[01:51:37.085] SetVolume(1.00, isMuted=False) -> VolumeProvider.Volume=1
[01:51:37.101] SetVolume(1.00, isMuted=False) -> VolumeProvider.Volume=1
[01:51:37.118] SetVolume(1.00, isMuted=False) -> VolumeProvider.Volume=1
[01:51:37.134] SetVolume(1.00, isMuted=False) -> VolumeProvider.Volume=1
[01:51:37.148] SetVolume(1.00, isMuted=False) -> VolumeProvider.Volume=1
[01:51:37.165] SetVolume(1.00, isMuted=False) -> VolumeProvider.Volume=1
[01:51:37.180] SetVolume(1.00, isMuted=False) -> VolumeProvider.Volume=1
[01:51:37.195] SetVolume(1.00, isMuted=False) -> VolumeProvider.Volume=1
[01:51:37.208] Read #1750: requested=3000, read=3000, maxSample=0.242920
[01:51:37.235] SetVolume(1.00, isMuted=False) -> VolumeProvider.Volume=1
[01:51:37.316] SetVolume(1.00, isMuted=False) -> VolumeProvider.Volume=1
[01:51:37.771] SetVolume(1.00, isMuted=False) -> VolumeProvider.Volume=1
[01:51:37.787] SetVolume(1.00, isMuted=False) -> VolumeProvider.Volume=1
[01:51:37.812] SetVolume(1.00, isMuted=False) -> VolumeProvider.Volume=1
[01:51:37.835] SetVolume(1.00, isMuted=False) -> VolumeProvider.Volume=1
[01:51:37.851] SetVolume(1.00, isMuted=False) -> VolumeProvider.Volume=1
[01:51:37.875] SetVolume(1.00, isMuted=False) -> VolumeProvider.Volume=1
[01:51:37.971] SetVolume(1.00, isMuted=False) -> VolumeProvider.Volume=1
[01:51:38.019] SetVolume(1.00, isMuted=False) -> VolumeProvider.Volume=1
[01:51:38.067] SetVolume(1.00, isMuted=False) -> VolumeProvider.Volume=1
[01:51:38.118] SetVolume(1.00, isMuted=False) -> VolumeProvider.Volume=1
[01:51:38.139] SetVolume(1.00, isMuted=False) -> VolumeProvider.Volume=1
[01:51:38.149] SetVolume(1.00, isMuted=False) -> VolumeProvider.Volume=1
[01:51:38.172] SetVolume(1.00, isMuted=False) -> VolumeProvider.Volume=1
[01:51:38.211] SetVolume(1.00, isMuted=False) -> VolumeProvider.Volume=1
[01:51:38.244] SetVolume(1.00, isMuted=False) -> VolumeProvider.Volume=1
[01:51:38.320] SetVolume(1.00, isMuted=False) -> VolumeProvider.Volume=1
[01:51:38.349] SetVolume(1.00, isMuted=False) -> VolumeProvider.Volume=1
[01:51:38.451] SetVolume(1.00, isMuted=False) -> VolumeProvider.Volume=1
[01:51:38.908] Read #1800: requested=3000, read=3000, maxSample=0.126221
[01:51:39.709] SetVolume(1.00, isMuted=False) -> VolumeProvider.Volume=1
[01:51:39.796] SetVolume(1.00, isMuted=False) -> VolumeProvider.Volume=1
[01:51:39.819] SetVolume(1.00, isMuted=False) -> VolumeProvider.Volume=1
[01:51:39.851] SetVolume(1.00, isMuted=False) -> VolumeProvider.Volume=1
[01:51:39.876] SetVolume(1.00, isMuted=False) -> VolumeProvider.Volume=1
[01:51:39.907] SetVolume(1.00, isMuted=False) -> VolumeProvider.Volume=1
[01:51:39.987] SetVolume(1.00, isMuted=False) -> VolumeProvider.Volume=1
[01:51:40.027] SetVolume(1.00, isMuted=False) -> VolumeProvider.Volume=1
[01:51:40.133] SetVolume(1.00, isMuted=False) -> VolumeProvider.Volume=1
[01:51:40.283] SetVolume(1.00, isMuted=False) -> VolumeProvider.Volume=1
[01:51:40.325] SetVolume(1.00, isMuted=False) -> VolumeProvider.Volume=1
[01:51:40.451] SetVolume(1.00, isMuted=False) -> VolumeProvider.Volume=1
[01:51:40.534] SetVolume(1.00, isMuted=False) -> VolumeProvider.Volume=1
[01:51:40.565] SetVolume(1.00, isMuted=False) -> VolumeProvider.Volume=1
[01:51:40.608] Read #1850: requested=3000, read=3000, maxSample=0.133820
[01:51:41.211] SetVolume(1.00, isMuted=False) -> VolumeProvider.Volume=1
[01:51:41.212] SetVolume(1.00, isMuted=False) -> VolumeProvider.Volume=1
[01:51:41.213] SetVolume(1.00, isMuted=False) -> VolumeProvider.Volume=1
[01:51:41.214] SetVolume(1.00, isMuted=False) -> VolumeProvider.Volume=1
[01:51:41.215] SetVolume(1.00, isMuted=False) -> VolumeProvider.Volume=1
[01:51:41.216] SetVolume(1.00, isMuted=False) -> VolumeProvider.Volume=1
[01:51:41.216] SetVolume(1.00, isMuted=False) -> VolumeProvider.Volume=1
[01:51:42.308] Read #1900: requested=3000, read=3000, maxSample=0.222748
[01:51:44.008] Read #1950: requested=3000, read=3000, maxSample=0.115784
[01:51:45.718] Read #2000: requested=3000, read=3000, maxSample=0.143250
[01:51:47.418] Read #2050: requested=3000, read=3000, maxSample=0.171722
[01:51:49.118] Read #2100: requested=3000, read=3000, maxSample=0.188690
[01:51:50.818] Read #2150: requested=3000, read=3000, maxSample=0.151367
[01:51:52.518] Read #2200: requested=3000, read=3000, maxSample=0.213440
[01:51:54.218] Read #2250: requested=3000, read=3000, maxSample=0.213898
[01:51:55.918] Read #2300: requested=3000, read=3000, maxSample=0.095306
[01:51:57.618] Read #2350: requested=3000, read=3000, maxSample=0.168030
[01:51:59.318] Read #2400: requested=3000, read=3000, maxSample=0.206390
[01:51:59.435] MainWindow.PlaybackButton_Click: session.State=Playing, Pos=382.09, HasAudioTrack=True, EngineIsPlaying=True
[01:51:59.437] Pause() invoked. Current state=Playing
[01:51:59.448] _outputDevice.Pause() executed. New state=Paused
[02:45:37.292] MainWindow.PlaybackButton_Click: session.State=Paused, Pos=382.10, HasAudioTrack=True, EngineIsPlaying=False
[02:45:37.293] Seek(382.10s) invoked.
[02:45:37.295] Play() invoked. OutputDevice=Wave Mapper (System Default), PlaybackState=Paused, Volume=1, IsMuted=False
[02:45:37.324] _outputDevice.Play() executed. New state=Playing
[02:45:38.936] Read #2450: requested=3000, read=3000, maxSample=0.199249
[02:45:40.636] Read #2500: requested=3000, read=3000, maxSample=0.222260
[02:45:42.336] Read #2550: requested=3000, read=3000, maxSample=0.218109
[02:45:44.036] Read #2600: requested=3000, read=3000, maxSample=0.202698
[02:45:44.460] SetVolume(1.00, isMuted=False) -> VolumeProvider.Volume=1
[02:45:44.508] SetVolume(1.00, isMuted=False) -> VolumeProvider.Volume=1
[02:45:44.541] SetVolume(1.00, isMuted=False) -> VolumeProvider.Volume=1
[02:45:44.611] SetVolume(1.00, isMuted=False) -> VolumeProvider.Volume=1
[02:45:44.709] SetVolume(1.00, isMuted=False) -> VolumeProvider.Volume=1
[02:45:44.819] SetVolume(1.00, isMuted=False) -> VolumeProvider.Volume=1
[02:45:45.736] Read #2650: requested=3000, read=3000, maxSample=0.208008
[02:45:46.947] SetVolume(1.00, isMuted=False) -> VolumeProvider.Volume=1
[02:45:47.020] SetVolume(1.00, isMuted=False) -> VolumeProvider.Volume=1
[02:45:47.099] SetVolume(1.00, isMuted=False) -> VolumeProvider.Volume=1
[02:45:47.315] SetVolume(1.00, isMuted=False) -> VolumeProvider.Volume=1
[02:45:47.436] Read #2700: requested=3000, read=3000, maxSample=0.208405
[02:45:49.004] SetVolume(1.00, isMuted=False) -> VolumeProvider.Volume=1
[02:45:49.020] SetVolume(1.00, isMuted=False) -> VolumeProvider.Volume=1
[02:45:49.036] SetVolume(1.00, isMuted=False) -> VolumeProvider.Volume=1
[02:45:49.068] SetVolume(1.00, isMuted=False) -> VolumeProvider.Volume=1
[02:45:49.085] SetVolume(1.00, isMuted=False) -> VolumeProvider.Volume=1
[02:45:49.100] SetVolume(1.00, isMuted=False) -> VolumeProvider.Volume=1
[02:45:49.116] SetVolume(1.00, isMuted=False) -> VolumeProvider.Volume=1
[02:45:49.133] SetVolume(1.00, isMuted=False) -> VolumeProvider.Volume=1
[02:45:49.137] Read #2750: requested=3000, read=3000, maxSample=0.216064
[02:45:49.157] SetVolume(1.00, isMuted=False) -> VolumeProvider.Volume=1
[02:45:49.173] SetVolume(1.00, isMuted=False) -> VolumeProvider.Volume=1
[02:45:49.188] SetVolume(1.00, isMuted=False) -> VolumeProvider.Volume=1
[02:45:49.197] SetVolume(1.00, isMuted=False) -> VolumeProvider.Volume=1
[02:45:49.211] SetVolume(1.00, isMuted=False) -> VolumeProvider.Volume=1
[02:45:49.228] SetVolume(1.00, isMuted=False) -> VolumeProvider.Volume=1
[02:45:49.243] SetVolume(1.00, isMuted=False) -> VolumeProvider.Volume=1
[02:45:49.268] SetVolume(1.00, isMuted=False) -> VolumeProvider.Volume=1
[02:45:49.637] SetVolume(1.00, isMuted=False) -> VolumeProvider.Volume=1
[02:45:49.675] SetVolume(1.00, isMuted=False) -> VolumeProvider.Volume=1
[02:45:49.708] SetVolume(1.00, isMuted=False) -> VolumeProvider.Volume=1
[02:45:50.836] Read #2800: requested=3000, read=3000, maxSample=0.220215
[02:45:52.536] Read #2850: requested=3000, read=3000, maxSample=0.116486
[02:45:52.732] SetVolume(1.00, isMuted=False) -> VolumeProvider.Volume=1
[02:45:52.780] SetVolume(1.00, isMuted=False) -> VolumeProvider.Volume=1
[02:45:52.835] SetVolume(1.00, isMuted=False) -> VolumeProvider.Volume=1
[02:45:52.892] SetVolume(1.00, isMuted=False) -> VolumeProvider.Volume=1
[02:45:52.995] SetVolume(1.00, isMuted=False) -> VolumeProvider.Volume=1
[02:45:53.259] SetVolume(1.00, isMuted=False) -> VolumeProvider.Volume=1
[02:45:53.837] SetVolume(1.00, isMuted=False) -> VolumeProvider.Volume=1
[02:45:54.227] SetVolume(1.00, isMuted=False) -> VolumeProvider.Volume=1
[02:45:54.247] Read #2900: requested=3000, read=3000, maxSample=0.228760
[02:45:54.860] SetVolume(1.00, isMuted=False) -> VolumeProvider.Volume=1
[02:45:55.946] Read #2950: requested=3000, read=3000, maxSample=0.151550
[02:45:57.468] SetVolume(1.00, isMuted=False) -> VolumeProvider.Volume=1
[02:45:57.484] SetVolume(1.00, isMuted=False) -> VolumeProvider.Volume=1
[02:45:57.493] SetVolume(1.00, isMuted=False) -> VolumeProvider.Volume=1
[02:45:57.500] SetVolume(1.00, isMuted=False) -> VolumeProvider.Volume=1
[02:45:57.510] SetVolume(1.00, isMuted=False) -> VolumeProvider.Volume=1
[02:45:57.516] SetVolume(1.00, isMuted=False) -> VolumeProvider.Volume=1
[02:45:57.525] SetVolume(1.00, isMuted=False) -> VolumeProvider.Volume=1
[02:45:57.532] SetVolume(1.00, isMuted=False) -> VolumeProvider.Volume=1
[02:45:57.543] SetVolume(1.00, isMuted=False) -> VolumeProvider.Volume=1
[02:45:57.548] SetVolume(1.00, isMuted=False) -> VolumeProvider.Volume=1
[02:45:57.557] SetVolume(1.00, isMuted=False) -> VolumeProvider.Volume=1
[02:45:57.564] SetVolume(1.00, isMuted=False) -> VolumeProvider.Volume=1
[02:45:57.573] SetVolume(1.00, isMuted=False) -> VolumeProvider.Volume=1
[02:45:57.582] SetVolume(1.00, isMuted=False) -> VolumeProvider.Volume=1
[02:45:57.589] SetVolume(1.00, isMuted=False) -> VolumeProvider.Volume=1
[02:45:57.597] SetVolume(1.00, isMuted=False) -> VolumeProvider.Volume=1
[02:45:57.604] SetVolume(1.00, isMuted=False) -> VolumeProvider.Volume=1
[02:45:57.621] SetVolume(1.00, isMuted=False) -> VolumeProvider.Volume=1
[02:45:57.643] SetVolume(1.00, isMuted=False) -> VolumeProvider.Volume=1
[02:45:57.646] Read #3000: requested=3000, read=3000, maxSample=0.219269
[02:45:57.683] SetVolume(1.00, isMuted=False) -> VolumeProvider.Volume=1
[02:45:57.709] SetVolume(1.00, isMuted=False) -> VolumeProvider.Volume=1
[02:45:57.716] SetVolume(1.00, isMuted=False) -> VolumeProvider.Volume=1
[02:45:57.726] SetVolume(1.00, isMuted=False) -> VolumeProvider.Volume=1
[02:45:57.732] SetVolume(1.00, isMuted=False) -> VolumeProvider.Volume=1
[02:45:57.742] SetVolume(1.00, isMuted=False) -> VolumeProvider.Volume=1
[02:45:57.748] SetVolume(1.00, isMuted=False) -> VolumeProvider.Volume=1
[02:45:57.757] SetVolume(1.00, isMuted=False) -> VolumeProvider.Volume=1
[02:45:58.860] SetVolume(1.00, isMuted=False) -> VolumeProvider.Volume=1
[02:45:58.868] SetVolume(1.00, isMuted=False) -> VolumeProvider.Volume=1
[02:45:58.875] SetVolume(1.00, isMuted=False) -> VolumeProvider.Volume=1
[02:45:58.885] SetVolume(1.00, isMuted=False) -> VolumeProvider.Volume=1
[02:45:58.893] SetVolume(1.00, isMuted=False) -> VolumeProvider.Volume=1
[02:45:58.900] SetVolume(1.00, isMuted=False) -> VolumeProvider.Volume=1
[02:45:58.909] SetVolume(1.00, isMuted=False) -> VolumeProvider.Volume=1
[02:45:58.916] SetVolume(1.00, isMuted=False) -> VolumeProvider.Volume=1
[02:45:58.925] SetVolume(1.00, isMuted=False) -> VolumeProvider.Volume=1
[02:45:58.932] SetVolume(1.00, isMuted=False) -> VolumeProvider.Volume=1
[02:45:58.942] SetVolume(1.00, isMuted=False) -> VolumeProvider.Volume=1
[02:45:58.948] SetVolume(1.00, isMuted=False) -> VolumeProvider.Volume=1
[02:45:58.957] SetVolume(1.00, isMuted=False) -> VolumeProvider.Volume=1
[02:45:58.964] SetVolume(1.00, isMuted=False) -> VolumeProvider.Volume=1
[02:45:58.973] SetVolume(1.00, isMuted=False) -> VolumeProvider.Volume=1
[02:45:58.981] SetVolume(1.00, isMuted=False) -> VolumeProvider.Volume=1
[02:45:58.989] SetVolume(1.00, isMuted=False) -> VolumeProvider.Volume=1
[02:45:58.995] SetVolume(1.00, isMuted=False) -> VolumeProvider.Volume=1
[02:45:59.004] SetVolume(1.00, isMuted=False) -> VolumeProvider.Volume=1
[02:45:59.011] SetVolume(1.00, isMuted=False) -> VolumeProvider.Volume=1
[02:45:59.020] SetVolume(1.00, isMuted=False) -> VolumeProvider.Volume=1
[02:45:59.028] SetVolume(1.00, isMuted=False) -> VolumeProvider.Volume=1
[02:45:59.036] SetVolume(1.00, isMuted=False) -> VolumeProvider.Volume=1
[02:45:59.046] SetVolume(1.00, isMuted=False) -> VolumeProvider.Volume=1
[02:45:59.346] Read #3050: requested=3000, read=3000, maxSample=0.126129
[02:46:00.628] SetVolume(1.00, isMuted=False) -> VolumeProvider.Volume=1
[02:46:01.046] Read #3100: requested=3000, read=3000, maxSample=0.146454
[02:46:01.668] SetVolume(1.00, isMuted=False) -> VolumeProvider.Volume=1
[02:46:02.500] SetVolume(1.00, isMuted=False) -> VolumeProvider.Volume=1
[02:46:02.501] SetVolume(1.00, isMuted=False) -> VolumeProvider.Volume=1
[02:46:02.746] Read #3150: requested=3000, read=3000, maxSample=0.204895
[02:46:04.277] SetVolume(1.00, isMuted=False) -> VolumeProvider.Volume=1
[02:46:04.446] Read #3200: requested=3000, read=3000, maxSample=0.194427
[02:46:05.001] SetVolume(1.00, isMuted=False) -> VolumeProvider.Volume=1
[02:46:05.060] SetVolume(1.00, isMuted=False) -> VolumeProvider.Volume=1
[02:46:05.069] SetVolume(1.00, isMuted=False) -> VolumeProvider.Volume=1
[02:46:05.076] SetVolume(1.00, isMuted=False) -> VolumeProvider.Volume=1
[02:46:05.085] SetVolume(1.00, isMuted=False) -> VolumeProvider.Volume=1
[02:46:05.094] SetVolume(1.00, isMuted=False) -> VolumeProvider.Volume=1
[02:46:05.101] SetVolume(1.00, isMuted=False) -> VolumeProvider.Volume=1
[02:46:05.110] SetVolume(1.00, isMuted=False) -> VolumeProvider.Volume=1
[02:46:05.117] SetVolume(1.00, isMuted=False) -> VolumeProvider.Volume=1
[02:46:05.126] SetVolume(1.00, isMuted=False) -> VolumeProvider.Volume=1
[02:46:05.134] SetVolume(1.00, isMuted=False) -> VolumeProvider.Volume=1
[02:46:05.145] SetVolume(1.00, isMuted=False) -> VolumeProvider.Volume=1
[02:46:05.151] SetVolume(1.00, isMuted=False) -> VolumeProvider.Volume=1
[02:46:06.146] Read #3250: requested=3000, read=3000, maxSample=0.188110
[02:46:06.820] SetVolume(1.00, isMuted=False) -> VolumeProvider.Volume=1
[02:46:06.836] SetVolume(1.00, isMuted=False) -> VolumeProvider.Volume=1
[02:46:06.845] SetVolume(1.00, isMuted=False) -> VolumeProvider.Volume=1
[02:46:06.852] SetVolume(1.00, isMuted=False) -> VolumeProvider.Volume=1
[02:46:06.860] SetVolume(1.00, isMuted=False) -> VolumeProvider.Volume=1
[02:46:06.868] SetVolume(1.00, isMuted=False) -> VolumeProvider.Volume=1
[02:46:06.877] SetVolume(1.00, isMuted=False) -> VolumeProvider.Volume=1
[02:46:06.884] SetVolume(1.00, isMuted=False) -> VolumeProvider.Volume=1
[02:46:06.893] SetVolume(1.00, isMuted=False) -> VolumeProvider.Volume=1
[02:46:06.900] SetVolume(1.00, isMuted=False) -> VolumeProvider.Volume=1
[02:46:06.909] SetVolume(1.00, isMuted=False) -> VolumeProvider.Volume=1
[02:46:07.846] Read #3300: requested=3000, read=3000, maxSample=0.098694
[02:46:09.036] SetVolume(1.00, isMuted=False) -> VolumeProvider.Volume=1
[02:46:09.060] SetVolume(1.00, isMuted=False) -> VolumeProvider.Volume=1
[02:46:09.084] SetVolume(1.00, isMuted=False) -> VolumeProvider.Volume=1
[02:46:09.092] SetVolume(1.00, isMuted=False) -> VolumeProvider.Volume=1
[02:46:09.109] SetVolume(1.00, isMuted=False) -> VolumeProvider.Volume=1
[02:46:09.126] SetVolume(1.00, isMuted=False) -> VolumeProvider.Volume=1
[02:46:09.132] SetVolume(1.00, isMuted=False) -> VolumeProvider.Volume=1
[02:46:09.143] SetVolume(1.00, isMuted=False) -> VolumeProvider.Volume=1
[02:46:09.148] SetVolume(1.00, isMuted=False) -> VolumeProvider.Volume=1
[02:46:09.159] SetVolume(1.00, isMuted=False) -> VolumeProvider.Volume=1
[02:46:09.164] SetVolume(1.00, isMuted=False) -> VolumeProvider.Volume=1
[02:46:09.173] SetVolume(1.00, isMuted=False) -> VolumeProvider.Volume=1
[02:46:09.546] Read #3350: requested=3000, read=3000, maxSample=0.203186
[02:46:10.300] SetVolume(1.00, isMuted=False) -> VolumeProvider.Volume=1
[02:46:10.325] SetVolume(1.00, isMuted=False) -> VolumeProvider.Volume=1
[02:46:10.332] SetVolume(1.00, isMuted=False) -> VolumeProvider.Volume=1
[02:46:10.348] SetVolume(1.00, isMuted=False) -> VolumeProvider.Volume=1
[02:46:10.357] SetVolume(1.00, isMuted=False) -> VolumeProvider.Volume=1
[02:46:10.373] SetVolume(1.00, isMuted=False) -> VolumeProvider.Volume=1
[02:46:10.380] SetVolume(1.00, isMuted=False) -> VolumeProvider.Volume=1
[02:46:10.389] SetVolume(1.00, isMuted=False) -> VolumeProvider.Volume=1
[02:46:10.396] SetVolume(1.00, isMuted=False) -> VolumeProvider.Volume=1
[02:46:10.411] SetVolume(1.00, isMuted=False) -> VolumeProvider.Volume=1
[02:46:10.421] SetVolume(1.00, isMuted=False) -> VolumeProvider.Volume=1
[02:46:10.430] SetVolume(1.00, isMuted=False) -> VolumeProvider.Volume=1
[02:46:11.246] Read #3400: requested=3000, read=3000, maxSample=0.205780
[02:46:12.525] SetVolume(1.00, isMuted=False) -> VolumeProvider.Volume=1
[02:46:12.548] SetVolume(1.00, isMuted=False) -> VolumeProvider.Volume=1
[02:46:12.563] SetVolume(1.00, isMuted=False) -> VolumeProvider.Volume=1
[02:46:12.579] SetVolume(1.00, isMuted=False) -> VolumeProvider.Volume=1
[02:46:12.588] SetVolume(1.00, isMuted=False) -> VolumeProvider.Volume=1
[02:46:12.604] SetVolume(1.00, isMuted=False) -> VolumeProvider.Volume=1
[02:46:12.611] SetVolume(1.00, isMuted=False) -> VolumeProvider.Volume=1
[02:46:12.620] SetVolume(1.00, isMuted=False) -> VolumeProvider.Volume=1
[02:46:12.628] SetVolume(1.00, isMuted=False) -> VolumeProvider.Volume=1
[02:46:12.636] SetVolume(1.00, isMuted=False) -> VolumeProvider.Volume=1
[02:46:12.645] SetVolume(1.00, isMuted=False) -> VolumeProvider.Volume=1
[02:46:12.652] SetVolume(1.00, isMuted=False) -> VolumeProvider.Volume=1
[02:46:12.946] Read #3450: requested=3000, read=3000, maxSample=0.208984
[02:46:13.884] SetVolume(1.00, isMuted=False) -> VolumeProvider.Volume=1
[02:46:13.900] SetVolume(1.00, isMuted=False) -> VolumeProvider.Volume=1
[02:46:13.909] SetVolume(1.00, isMuted=False) -> VolumeProvider.Volume=1
[02:46:13.927] SetVolume(1.00, isMuted=False) -> VolumeProvider.Volume=1
[02:46:13.934] SetVolume(1.00, isMuted=False) -> VolumeProvider.Volume=1
[02:46:13.943] SetVolume(1.00, isMuted=False) -> VolumeProvider.Volume=1
[02:46:13.948] SetVolume(1.00, isMuted=False) -> VolumeProvider.Volume=1
[02:46:13.957] SetVolume(1.00, isMuted=False) -> VolumeProvider.Volume=1
[02:46:13.964] SetVolume(1.00, isMuted=False) -> VolumeProvider.Volume=1
[02:46:13.973] SetVolume(1.00, isMuted=False) -> VolumeProvider.Volume=1
[02:46:13.981] SetVolume(1.00, isMuted=False) -> VolumeProvider.Volume=1
[02:46:14.646] Read #3500: requested=3000, read=3000, maxSample=0.200653
[02:46:15.595] SetVolume(1.00, isMuted=False) -> VolumeProvider.Volume=1
[02:46:15.708] SetVolume(1.00, isMuted=False) -> VolumeProvider.Volume=1
[02:46:15.717] SetVolume(1.00, isMuted=False) -> VolumeProvider.Volume=1
[02:46:15.726] SetVolume(1.00, isMuted=False) -> VolumeProvider.Volume=1
[02:46:15.733] SetVolume(1.00, isMuted=False) -> VolumeProvider.Volume=1
[02:46:15.743] SetVolume(1.00, isMuted=False) -> VolumeProvider.Volume=1
[02:46:15.749] SetVolume(1.00, isMuted=False) -> VolumeProvider.Volume=1
[02:46:15.758] SetVolume(1.00, isMuted=False) -> VolumeProvider.Volume=1
[02:46:15.764] SetVolume(1.00, isMuted=False) -> VolumeProvider.Volume=1
[02:46:15.775] SetVolume(1.00, isMuted=False) -> VolumeProvider.Volume=1
[02:46:15.784] SetVolume(1.00, isMuted=False) -> VolumeProvider.Volume=1
[02:46:15.789] SetVolume(1.00, isMuted=False) -> VolumeProvider.Volume=1
[02:46:15.796] SetVolume(1.00, isMuted=False) -> VolumeProvider.Volume=1
[02:46:15.806] SetVolume(1.00, isMuted=False) -> VolumeProvider.Volume=1
[02:46:15.813] SetVolume(1.00, isMuted=False) -> VolumeProvider.Volume=1
[02:46:15.823] SetVolume(1.00, isMuted=False) -> VolumeProvider.Volume=1
[02:46:15.831] SetVolume(1.00, isMuted=False) -> VolumeProvider.Volume=1
[02:46:16.346] Read #3550: requested=3000, read=3000, maxSample=0.181244
[02:46:17.092] SetVolume(1.00, isMuted=False) -> VolumeProvider.Volume=1
[02:46:17.109] SetVolume(1.00, isMuted=False) -> VolumeProvider.Volume=1
[02:46:17.116] SetVolume(1.00, isMuted=False) -> VolumeProvider.Volume=1
[02:46:17.126] SetVolume(1.00, isMuted=False) -> VolumeProvider.Volume=1
[02:46:17.132] SetVolume(1.00, isMuted=False) -> VolumeProvider.Volume=1
[02:46:17.143] SetVolume(1.00, isMuted=False) -> VolumeProvider.Volume=1
[02:46:17.148] SetVolume(1.00, isMuted=False) -> VolumeProvider.Volume=1
[02:46:18.057] Read #3600: requested=3000, read=3000, maxSample=0.201508
[02:46:18.844] SetVolume(1.00, isMuted=False) -> VolumeProvider.Volume=1
[02:46:18.973] SetVolume(1.00, isMuted=False) -> VolumeProvider.Volume=1
[02:46:18.981] SetVolume(1.00, isMuted=False) -> VolumeProvider.Volume=1
[02:46:18.989] SetVolume(1.00, isMuted=False) -> VolumeProvider.Volume=1
[02:46:18.995] SetVolume(1.00, isMuted=False) -> VolumeProvider.Volume=1
[02:46:19.006] SetVolume(1.00, isMuted=False) -> VolumeProvider.Volume=1
[02:46:19.012] SetVolume(1.00, isMuted=False) -> VolumeProvider.Volume=1
[02:46:19.023] SetVolume(1.00, isMuted=False) -> VolumeProvider.Volume=1
[02:46:19.030] SetVolume(1.00, isMuted=False) -> VolumeProvider.Volume=1
[02:46:19.040] SetVolume(1.00, isMuted=False) -> VolumeProvider.Volume=1
[02:46:19.048] SetVolume(1.00, isMuted=False) -> VolumeProvider.Volume=1
[02:46:19.053] SetVolume(1.00, isMuted=False) -> VolumeProvider.Volume=1
[02:46:19.061] SetVolume(1.00, isMuted=False) -> VolumeProvider.Volume=1
[02:46:19.070] SetVolume(1.00, isMuted=False) -> VolumeProvider.Volume=1
[02:46:19.077] SetVolume(1.00, isMuted=False) -> VolumeProvider.Volume=1
[02:46:19.086] SetVolume(1.00, isMuted=False) -> VolumeProvider.Volume=1
[02:46:19.095] SetVolume(1.00, isMuted=False) -> VolumeProvider.Volume=1
[02:46:19.102] SetVolume(1.00, isMuted=False) -> VolumeProvider.Volume=1
[02:46:19.756] Read #3650: requested=3000, read=3000, maxSample=0.127014
[02:46:20.173] SetVolume(1.00, isMuted=False) -> VolumeProvider.Volume=1
[02:46:20.189] SetVolume(1.00, isMuted=False) -> VolumeProvider.Volume=1
[02:46:20.197] SetVolume(1.00, isMuted=False) -> VolumeProvider.Volume=1
[02:46:20.204] SetVolume(1.00, isMuted=False) -> VolumeProvider.Volume=1
[02:46:20.212] SetVolume(1.00, isMuted=False) -> VolumeProvider.Volume=1
[02:46:20.220] SetVolume(1.00, isMuted=False) -> VolumeProvider.Volume=1
[02:46:20.228] SetVolume(1.00, isMuted=False) -> VolumeProvider.Volume=1
[02:46:20.236] SetVolume(1.00, isMuted=False) -> VolumeProvider.Volume=1
[02:46:20.244] SetVolume(1.00, isMuted=False) -> VolumeProvider.Volume=1
[02:46:20.253] SetVolume(1.00, isMuted=False) -> VolumeProvider.Volume=1
[02:46:20.260] SetVolume(1.00, isMuted=False) -> VolumeProvider.Volume=1
[02:46:20.268] SetVolume(1.00, isMuted=False) -> VolumeProvider.Volume=1
[02:46:21.003] SetVolume(1.00, isMuted=False) -> VolumeProvider.Volume=1
[02:46:21.093] SetVolume(1.00, isMuted=False) -> VolumeProvider.Volume=1
[02:46:21.110] SetVolume(1.00, isMuted=False) -> VolumeProvider.Volume=1
[02:46:21.119] SetVolume(1.00, isMuted=False) -> VolumeProvider.Volume=1
[02:46:21.128] SetVolume(1.00, isMuted=False) -> VolumeProvider.Volume=1
[02:46:21.134] SetVolume(1.00, isMuted=False) -> VolumeProvider.Volume=1
[02:46:21.148] SetVolume(1.00, isMuted=False) -> VolumeProvider.Volume=1
[02:46:21.163] SetVolume(1.00, isMuted=False) -> VolumeProvider.Volume=1
[02:46:21.167] SetVolume(1.00, isMuted=False) -> VolumeProvider.Volume=1
[02:46:21.456] Read #3700: requested=3000, read=3000, maxSample=0.214874
[02:46:23.156] Read #3750: requested=3000, read=3000, maxSample=0.220581
[02:46:24.856] Read #3800: requested=3000, read=3000, maxSample=0.117401
[02:46:25.789] SetVolume(1.00, isMuted=False) -> VolumeProvider.Volume=1
[02:46:25.790] SetVolume(1.00, isMuted=False) -> VolumeProvider.Volume=1
[02:46:25.790] SetVolume(1.00, isMuted=False) -> VolumeProvider.Volume=1
[02:46:25.791] SetVolume(1.00, isMuted=False) -> VolumeProvider.Volume=1
[02:46:25.791] SetVolume(1.00, isMuted=False) -> VolumeProvider.Volume=1
[02:46:25.792] SetVolume(1.00, isMuted=False) -> VolumeProvider.Volume=1
[02:46:25.792] SetVolume(1.00, isMuted=False) -> VolumeProvider.Volume=1
[02:46:26.556] Read #3850: requested=3000, read=3000, maxSample=0.219482
[02:46:28.148] SetVolume(1.00, isMuted=False) -> VolumeProvider.Volume=1
[02:46:28.149] SetVolume(1.00, isMuted=False) -> VolumeProvider.Volume=1
[02:46:28.149] SetVolume(1.00, isMuted=False) -> VolumeProvider.Volume=1
[02:46:28.149] SetVolume(1.00, isMuted=False) -> VolumeProvider.Volume=1
[02:46:28.150] SetVolume(1.00, isMuted=False) -> VolumeProvider.Volume=1
[02:46:28.150] SetVolume(1.00, isMuted=False) -> VolumeProvider.Volume=1
[02:46:28.151] SetVolume(1.00, isMuted=False) -> VolumeProvider.Volume=1
[02:46:28.256] Read #3900: requested=3000, read=3000, maxSample=0.169891
[02:46:29.956] Read #3950: requested=3000, read=3000, maxSample=0.162903
[02:46:30.252] SetVolume(1.00, isMuted=False) -> VolumeProvider.Volume=1
[02:46:30.253] SetVolume(1.00, isMuted=False) -> VolumeProvider.Volume=1
[02:46:30.254] SetVolume(1.00, isMuted=False) -> VolumeProvider.Volume=1
[02:46:30.254] SetVolume(1.00, isMuted=False) -> VolumeProvider.Volume=1
[02:46:30.256] SetVolume(1.00, isMuted=False) -> VolumeProvider.Volume=1
[02:46:30.257] SetVolume(1.00, isMuted=False) -> VolumeProvider.Volume=1
[02:46:31.656] Read #4000: requested=3000, read=3000, maxSample=0.198944
[02:46:32.116] SetVolume(1.00, isMuted=False) -> VolumeProvider.Volume=1
[02:46:32.117] SetVolume(1.00, isMuted=False) -> VolumeProvider.Volume=1
[02:46:32.117] SetVolume(1.00, isMuted=False) -> VolumeProvider.Volume=1
[02:46:32.118] SetVolume(1.00, isMuted=False) -> VolumeProvider.Volume=1
[02:46:32.118] SetVolume(1.00, isMuted=False) -> VolumeProvider.Volume=1
[02:46:32.119] SetVolume(1.00, isMuted=False) -> VolumeProvider.Volume=1
[02:46:32.119] SetVolume(1.00, isMuted=False) -> VolumeProvider.Volume=1
[02:46:33.356] Read #4050: requested=3000, read=3000, maxSample=0.222961
[02:46:35.056] Read #4100: requested=3000, read=3000, maxSample=0.220062
[02:46:36.260] SetVolume(1.00, isMuted=False) -> VolumeProvider.Volume=1
[02:46:36.261] SetVolume(1.00, isMuted=False) -> VolumeProvider.Volume=1
[02:46:36.262] SetVolume(1.00, isMuted=False) -> VolumeProvider.Volume=1
[02:46:36.262] SetVolume(1.00, isMuted=False) -> VolumeProvider.Volume=1
[02:46:36.263] SetVolume(1.00, isMuted=False) -> VolumeProvider.Volume=1
[02:46:36.263] SetVolume(1.00, isMuted=False) -> VolumeProvider.Volume=1
[02:46:36.756] Read #4150: requested=3000, read=3000, maxSample=0.222534
[02:46:38.457] Read #4200: requested=3000, read=3000, maxSample=0.227234
[02:46:38.565] SetVolume(1.00, isMuted=False) -> VolumeProvider.Volume=1
[02:46:38.565] SetVolume(1.00, isMuted=False) -> VolumeProvider.Volume=1
[02:46:38.566] SetVolume(1.00, isMuted=False) -> VolumeProvider.Volume=1
[02:46:38.567] SetVolume(1.00, isMuted=False) -> VolumeProvider.Volume=1
[02:46:38.567] SetVolume(1.00, isMuted=False) -> VolumeProvider.Volume=1
[02:46:38.567] SetVolume(1.00, isMuted=False) -> VolumeProvider.Volume=1
[02:46:38.568] SetVolume(1.00, isMuted=False) -> VolumeProvider.Volume=1
[02:46:40.156] Read #4250: requested=3000, read=3000, maxSample=0.076874
[02:46:41.795] SetVolume(1.00, isMuted=False) -> VolumeProvider.Volume=1
[02:46:41.856] Read #4300: requested=3000, read=3000, maxSample=0.170258
[02:46:41.891] SetVolume(1.00, isMuted=False) -> VolumeProvider.Volume=1
[02:46:41.909] SetVolume(1.00, isMuted=False) -> VolumeProvider.Volume=1
[02:46:41.919] SetVolume(1.00, isMuted=False) -> VolumeProvider.Volume=1
[02:46:41.932] SetVolume(1.00, isMuted=False) -> VolumeProvider.Volume=1
[02:46:41.948] SetVolume(1.00, isMuted=False) -> VolumeProvider.Volume=1
[02:46:41.964] SetVolume(1.00, isMuted=False) -> VolumeProvider.Volume=1
[02:46:41.988] SetVolume(1.00, isMuted=False) -> VolumeProvider.Volume=1
[02:46:42.011] SetVolume(1.00, isMuted=False) -> VolumeProvider.Volume=1
[02:46:42.027] SetVolume(1.00, isMuted=False) -> VolumeProvider.Volume=1
[02:46:42.059] SetVolume(1.00, isMuted=False) -> VolumeProvider.Volume=1
[02:46:42.092] SetVolume(1.00, isMuted=False) -> VolumeProvider.Volume=1
[02:46:42.115] SetVolume(1.00, isMuted=False) -> VolumeProvider.Volume=1
[02:46:42.173] SetVolume(1.00, isMuted=False) -> VolumeProvider.Volume=1
[02:46:42.236] SetVolume(1.00, isMuted=False) -> VolumeProvider.Volume=1
[02:46:42.269] SetVolume(1.00, isMuted=False) -> VolumeProvider.Volume=1
[02:46:43.325] SetVolume(1.00, isMuted=False) -> VolumeProvider.Volume=1
[02:46:43.348] SetVolume(1.00, isMuted=False) -> VolumeProvider.Volume=1
[02:46:43.379] SetVolume(1.00, isMuted=False) -> VolumeProvider.Volume=1
[02:46:43.436] SetVolume(1.00, isMuted=False) -> VolumeProvider.Volume=1
[02:46:43.484] SetVolume(1.00, isMuted=False) -> VolumeProvider.Volume=1
[02:46:43.547] SetVolume(1.00, isMuted=False) -> VolumeProvider.Volume=1
[02:46:43.566] Read #4350: requested=3000, read=3000, maxSample=0.206512
[02:46:43.644] SetVolume(1.00, isMuted=False) -> VolumeProvider.Volume=1
[02:46:43.677] SetVolume(1.00, isMuted=False) -> VolumeProvider.Volume=1
[02:46:43.709] SetVolume(1.00, isMuted=False) -> VolumeProvider.Volume=1
[02:46:43.726] SetVolume(1.00, isMuted=False) -> VolumeProvider.Volume=1
[02:46:43.742] SetVolume(1.00, isMuted=False) -> VolumeProvider.Volume=1
[02:46:43.763] SetVolume(1.00, isMuted=False) -> VolumeProvider.Volume=1
[02:46:43.812] SetVolume(1.00, isMuted=False) -> VolumeProvider.Volume=1
[02:46:43.867] SetVolume(1.00, isMuted=False) -> VolumeProvider.Volume=1
[02:46:43.931] SetVolume(1.00, isMuted=False) -> VolumeProvider.Volume=1
[02:46:44.780] SetVolume(1.00, isMuted=False) -> VolumeProvider.Volume=1
[02:46:44.789] SetVolume(1.00, isMuted=False) -> VolumeProvider.Volume=1
[02:46:44.797] SetVolume(1.00, isMuted=False) -> VolumeProvider.Volume=1
[02:46:44.805] SetVolume(1.00, isMuted=False) -> VolumeProvider.Volume=1
[02:46:44.813] SetVolume(1.00, isMuted=False) -> VolumeProvider.Volume=1
[02:46:44.821] SetVolume(1.00, isMuted=False) -> VolumeProvider.Volume=1
[02:46:44.829] SetVolume(1.00, isMuted=False) -> VolumeProvider.Volume=1
[02:46:44.837] SetVolume(1.00, isMuted=False) -> VolumeProvider.Volume=1
[02:46:44.844] SetVolume(1.00, isMuted=False) -> VolumeProvider.Volume=1
[02:46:44.853] SetVolume(1.00, isMuted=False) -> VolumeProvider.Volume=1
[02:46:44.860] SetVolume(1.00, isMuted=False) -> VolumeProvider.Volume=1
[02:46:45.266] Read #4400: requested=3000, read=3000, maxSample=0.073425
[02:46:46.966] Read #4450: requested=3000, read=3000, maxSample=0.222382
[02:46:47.835] SetVolume(1.00, isMuted=False) -> VolumeProvider.Volume=1
[02:46:47.845] SetVolume(1.00, isMuted=False) -> VolumeProvider.Volume=1
[02:46:47.853] SetVolume(1.00, isMuted=False) -> VolumeProvider.Volume=1
[02:46:47.861] SetVolume(1.00, isMuted=False) -> VolumeProvider.Volume=1
[02:46:47.869] SetVolume(1.00, isMuted=False) -> VolumeProvider.Volume=1
[02:46:47.876] SetVolume(1.00, isMuted=False) -> VolumeProvider.Volume=1
[02:46:47.885] SetVolume(1.00, isMuted=False) -> VolumeProvider.Volume=1
[02:46:47.893] SetVolume(1.00, isMuted=False) -> VolumeProvider.Volume=1
[02:46:47.902] SetVolume(1.00, isMuted=False) -> VolumeProvider.Volume=1
[02:46:47.909] SetVolume(1.00, isMuted=False) -> VolumeProvider.Volume=1
[02:46:47.917] SetVolume(1.00, isMuted=False) -> VolumeProvider.Volume=1
[02:46:47.926] SetVolume(1.00, isMuted=False) -> VolumeProvider.Volume=1
[02:46:47.933] SetVolume(1.00, isMuted=False) -> VolumeProvider.Volume=1
[02:46:47.942] SetVolume(1.00, isMuted=False) -> VolumeProvider.Volume=1
[02:46:47.949] SetVolume(1.00, isMuted=False) -> VolumeProvider.Volume=1
[02:46:47.960] SetVolume(1.00, isMuted=False) -> VolumeProvider.Volume=1
[02:46:47.965] SetVolume(1.00, isMuted=False) -> VolumeProvider.Volume=1
[02:46:47.974] SetVolume(1.00, isMuted=False) -> VolumeProvider.Volume=1
[02:46:47.980] SetVolume(1.00, isMuted=False) -> VolumeProvider.Volume=1
[02:46:47.991] SetVolume(1.00, isMuted=False) -> VolumeProvider.Volume=1
[02:46:47.997] SetVolume(1.00, isMuted=False) -> VolumeProvider.Volume=1
[02:46:48.005] SetVolume(1.00, isMuted=False) -> VolumeProvider.Volume=1
[02:46:48.012] SetVolume(1.00, isMuted=False) -> VolumeProvider.Volume=1
[02:46:48.023] SetVolume(1.00, isMuted=False) -> VolumeProvider.Volume=1
[02:46:48.666] Read #4500: requested=3000, read=3000, maxSample=0.203674
[02:46:48.995] SetVolume(1.00, isMuted=False) -> VolumeProvider.Volume=1
[02:46:49.020] SetVolume(1.00, isMuted=False) -> VolumeProvider.Volume=1
[02:46:49.027] SetVolume(1.00, isMuted=False) -> VolumeProvider.Volume=1
[02:46:49.044] SetVolume(1.00, isMuted=False) -> VolumeProvider.Volume=1
[02:46:49.052] SetVolume(1.00, isMuted=False) -> VolumeProvider.Volume=1
[02:46:49.059] SetVolume(1.00, isMuted=False) -> VolumeProvider.Volume=1
[02:46:49.068] SetVolume(1.00, isMuted=False) -> VolumeProvider.Volume=1
[02:46:49.076] SetVolume(1.00, isMuted=False) -> VolumeProvider.Volume=1
[02:46:49.084] SetVolume(1.00, isMuted=False) -> VolumeProvider.Volume=1
[02:46:49.962] SetVolume(1.00, isMuted=False) -> VolumeProvider.Volume=1
[02:46:50.005] SetVolume(1.00, isMuted=False) -> VolumeProvider.Volume=1
[02:46:50.036] SetVolume(1.00, isMuted=False) -> VolumeProvider.Volume=1
[02:46:50.053] SetVolume(1.00, isMuted=False) -> VolumeProvider.Volume=1
[02:46:50.068] SetVolume(1.00, isMuted=False) -> VolumeProvider.Volume=1
[02:46:50.077] SetVolume(1.00, isMuted=False) -> VolumeProvider.Volume=1
[02:46:50.100] SetVolume(1.00, isMuted=False) -> VolumeProvider.Volume=1
[02:46:50.125] SetVolume(1.00, isMuted=False) -> VolumeProvider.Volume=1
[02:46:50.148] SetVolume(1.00, isMuted=False) -> VolumeProvider.Volume=1
[02:46:50.195] SetVolume(1.00, isMuted=False) -> VolumeProvider.Volume=1
[02:46:50.236] SetVolume(1.00, isMuted=False) -> VolumeProvider.Volume=1
[02:46:50.366] Read #4550: requested=3000, read=3000, maxSample=0.181702
[02:46:50.420] SetVolume(1.00, isMuted=False) -> VolumeProvider.Volume=1
[02:46:50.540] SetVolume(1.00, isMuted=False) -> VolumeProvider.Volume=1
[02:46:50.580] SetVolume(1.00, isMuted=False) -> VolumeProvider.Volume=1
[02:46:50.590] SetVolume(1.00, isMuted=False) -> VolumeProvider.Volume=1
[02:46:50.604] SetVolume(1.00, isMuted=False) -> VolumeProvider.Volume=1
[02:46:50.611] SetVolume(1.00, isMuted=False) -> VolumeProvider.Volume=1
[02:46:50.621] SetVolume(1.00, isMuted=False) -> VolumeProvider.Volume=1
[02:46:50.629] SetVolume(1.00, isMuted=False) -> VolumeProvider.Volume=1
[02:46:50.637] SetVolume(1.00, isMuted=False) -> VolumeProvider.Volume=1
[02:46:50.644] SetVolume(1.00, isMuted=False) -> VolumeProvider.Volume=1
[02:46:50.653] SetVolume(1.00, isMuted=False) -> VolumeProvider.Volume=1
[02:46:50.661] SetVolume(1.00, isMuted=False) -> VolumeProvider.Volume=1
[02:46:50.669] SetVolume(1.00, isMuted=False) -> VolumeProvider.Volume=1
[02:46:50.677] SetVolume(1.00, isMuted=False) -> VolumeProvider.Volume=1
[02:46:50.685] SetVolume(1.00, isMuted=False) -> VolumeProvider.Volume=1
[02:46:50.693] SetVolume(1.00, isMuted=False) -> VolumeProvider.Volume=1
[02:46:50.701] SetVolume(1.00, isMuted=False) -> VolumeProvider.Volume=1
[02:46:50.710] SetVolume(1.00, isMuted=False) -> VolumeProvider.Volume=1
[02:46:50.717] SetVolume(1.00, isMuted=False) -> VolumeProvider.Volume=1
[02:46:50.727] SetVolume(1.00, isMuted=False) -> VolumeProvider.Volume=1
[02:46:50.744] SetVolume(1.00, isMuted=False) -> VolumeProvider.Volume=1
[02:46:52.066] Read #4600: requested=3000, read=3000, maxSample=0.255951
[02:46:53.766] Read #4650: requested=3000, read=3000, maxSample=0.189697
[02:46:55.466] Read #4700: requested=3000, read=3000, maxSample=0.195740
[02:46:55.958] SetVolume(1.00, isMuted=False) -> VolumeProvider.Volume=1
[02:46:55.964] SetVolume(1.00, isMuted=False) -> VolumeProvider.Volume=1
[02:46:55.973] SetVolume(1.00, isMuted=False) -> VolumeProvider.Volume=1
[02:46:55.980] SetVolume(1.00, isMuted=False) -> VolumeProvider.Volume=1
[02:46:55.989] SetVolume(1.00, isMuted=False) -> VolumeProvider.Volume=1
[02:46:55.995] SetVolume(1.00, isMuted=False) -> VolumeProvider.Volume=1
[02:46:56.005] SetVolume(1.00, isMuted=False) -> VolumeProvider.Volume=1
[02:46:56.011] SetVolume(1.00, isMuted=False) -> VolumeProvider.Volume=1
[02:46:56.020] SetVolume(1.00, isMuted=False) -> VolumeProvider.Volume=1
[02:46:56.028] SetVolume(1.00, isMuted=False) -> VolumeProvider.Volume=1
[02:46:56.036] SetVolume(1.00, isMuted=False) -> VolumeProvider.Volume=1
[02:46:56.045] SetVolume(1.00, isMuted=False) -> VolumeProvider.Volume=1
[02:46:56.627] SetVolume(1.00, isMuted=False) -> VolumeProvider.Volume=1
[02:46:56.675] SetVolume(1.00, isMuted=False) -> VolumeProvider.Volume=1
[02:46:56.860] SetVolume(1.00, isMuted=False) -> VolumeProvider.Volume=1
[02:46:56.908] SetVolume(1.00, isMuted=False) -> VolumeProvider.Volume=1
[02:46:56.964] SetVolume(1.00, isMuted=False) -> VolumeProvider.Volume=1
[02:46:57.011] SetVolume(1.00, isMuted=False) -> VolumeProvider.Volume=1
[02:46:57.166] Read #4750: requested=3000, read=3000, maxSample=0.111694
[02:46:57.173] SetVolume(1.00, isMuted=False) -> VolumeProvider.Volume=1
[02:46:58.196] SetVolume(1.00, isMuted=False) -> VolumeProvider.Volume=1
[02:46:58.866] Read #4800: requested=3000, read=3000, maxSample=0.213715
[02:47:00.566] Read #4850: requested=3000, read=3000, maxSample=0.234039
[02:47:02.266] Read #4900: requested=3000, read=3000, maxSample=0.224060
[02:47:03.966] Read #4950: requested=3000, read=3000, maxSample=0.226868
[02:47:04.915] SetVolume(1.00, isMuted=False) -> VolumeProvider.Volume=1
[02:47:05.004] SetVolume(1.00, isMuted=False) -> VolumeProvider.Volume=1
[02:47:05.100] SetVolume(1.00, isMuted=False) -> VolumeProvider.Volume=1
[02:47:05.204] SetVolume(1.00, isMuted=False) -> VolumeProvider.Volume=1
[02:47:05.435] SetVolume(1.00, isMuted=False) -> VolumeProvider.Volume=1
[02:47:05.666] Read #5000: requested=3000, read=3000, maxSample=0.208588
[02:47:05.932] SetVolume(1.00, isMuted=False) -> VolumeProvider.Volume=1
[02:47:05.964] SetVolume(1.00, isMuted=False) -> VolumeProvider.Volume=1
[02:47:06.195] SetVolume(1.00, isMuted=False) -> VolumeProvider.Volume=1
[02:47:07.366] Read #5050: requested=3000, read=3000, maxSample=0.182495
[02:47:09.076] Read #5100: requested=3000, read=3000, maxSample=0.129578
[02:47:10.776] Read #5150: requested=3000, read=3000, maxSample=0.113556
[02:47:12.476] Read #5200: requested=3000, read=3000, maxSample=0.114746
[02:47:14.176] Read #5250: requested=3000, read=3000, maxSample=0.152161
[02:47:15.876] Read #5300: requested=3000, read=3000, maxSample=0.218262
[02:47:17.576] Read #5350: requested=3000, read=3000, maxSample=0.226715
[02:47:19.277] Read #5400: requested=3000, read=3000, maxSample=0.162384
[02:47:20.977] Read #5450: requested=3000, read=3000, maxSample=0.245728
[02:47:22.676] Read #5500: requested=3000, read=3000, maxSample=0.241791
[02:47:24.376] Read #5550: requested=3000, read=3000, maxSample=0.136383
[02:47:26.076] Read #5600: requested=3000, read=3000, maxSample=0.163940
[02:47:27.776] Read #5650: requested=3000, read=3000, maxSample=0.178711
[02:47:29.476] Read #5700: requested=3000, read=3000, maxSample=0.236481
[02:47:31.176] Read #5750: requested=3000, read=3000, maxSample=0.155334
[02:47:32.886] Read #5800: requested=3000, read=3000, maxSample=0.233307
[02:47:34.587] Read #5850: requested=3000, read=3000, maxSample=0.205933
[02:47:36.286] Read #5900: requested=3000, read=3000, maxSample=0.131714
[02:47:37.986] Read #5950: requested=3000, read=3000, maxSample=0.244537
[02:47:39.686] Read #6000: requested=3000, read=3000, maxSample=0.125488
[02:47:41.386] Read #6050: requested=3000, read=3000, maxSample=0.229065
[02:47:43.086] Read #6100: requested=3000, read=3000, maxSample=0.214752
[02:47:44.786] Read #6150: requested=3000, read=3000, maxSample=0.231537
[02:47:46.486] Read #6200: requested=3000, read=3000, maxSample=0.207825
[02:47:48.186] Read #6250: requested=3000, read=3000, maxSample=0.238525
[02:47:49.886] Read #6300: requested=3000, read=3000, maxSample=0.117767
[02:47:51.586] Read #6350: requested=3000, read=3000, maxSample=0.231049
[02:47:53.286] Read #6400: requested=3000, read=3000, maxSample=0.205841
[02:47:54.986] Read #6450: requested=3000, read=3000, maxSample=0.246765
[02:47:56.686] Read #6500: requested=3000, read=3000, maxSample=0.213867
[02:47:58.396] Read #6550: requested=3000, read=3000, maxSample=0.207214
[02:48:00.096] Read #6600: requested=3000, read=3000, maxSample=0.237732
[02:48:01.796] Read #6650: requested=3000, read=3000, maxSample=0.245117
[02:48:03.497] Read #6700: requested=3000, read=3000, maxSample=0.105316
[02:48:05.196] Read #6750: requested=3000, read=3000, maxSample=0.208069
[02:48:06.896] Read #6800: requested=3000, read=3000, maxSample=0.202545
[02:48:08.596] Read #6850: requested=3000, read=3000, maxSample=0.196747
[02:48:09.757] SetVolume(1.00, isMuted=False) -> VolumeProvider.Volume=1
[02:48:09.773] SetVolume(1.00, isMuted=False) -> VolumeProvider.Volume=1
[02:48:09.780] SetVolume(1.00, isMuted=False) -> VolumeProvider.Volume=1
[02:48:09.789] SetVolume(1.00, isMuted=False) -> VolumeProvider.Volume=1
[02:48:09.797] SetVolume(1.00, isMuted=False) -> VolumeProvider.Volume=1
[02:48:09.805] SetVolume(1.00, isMuted=False) -> VolumeProvider.Volume=1
[02:48:10.297] Read #6900: requested=3000, read=3000, maxSample=0.190155
[02:48:10.892] SetVolume(1.00, isMuted=False) -> VolumeProvider.Volume=1
[02:48:10.893] SetVolume(1.00, isMuted=False) -> VolumeProvider.Volume=1
[02:48:10.894] SetVolume(1.00, isMuted=False) -> VolumeProvider.Volume=1
[02:48:10.894] SetVolume(1.00, isMuted=False) -> VolumeProvider.Volume=1
[02:48:11.996] Read #6950: requested=3000, read=3000, maxSample=0.212128
[02:48:12.757] SetVolume(1.00, isMuted=False) -> VolumeProvider.Volume=1
[02:48:12.773] SetVolume(1.00, isMuted=False) -> VolumeProvider.Volume=1
[02:48:12.780] SetVolume(1.00, isMuted=False) -> VolumeProvider.Volume=1
[02:48:12.788] SetVolume(1.00, isMuted=False) -> VolumeProvider.Volume=1
[02:48:12.795] SetVolume(1.00, isMuted=False) -> VolumeProvider.Volume=1
[02:48:12.805] SetVolume(1.00, isMuted=False) -> VolumeProvider.Volume=1
[02:48:12.811] SetVolume(1.00, isMuted=False) -> VolumeProvider.Volume=1
[02:48:12.820] SetVolume(1.00, isMuted=False) -> VolumeProvider.Volume=1
[02:48:12.828] SetVolume(1.00, isMuted=False) -> VolumeProvider.Volume=1
[02:48:12.837] SetVolume(1.00, isMuted=False) -> VolumeProvider.Volume=1
[02:48:13.696] Read #7000: requested=3000, read=3000, maxSample=0.156891
[02:48:13.908] SetVolume(1.00, isMuted=False) -> VolumeProvider.Volume=1
[02:48:13.908] SetVolume(1.00, isMuted=False) -> VolumeProvider.Volume=1
[02:48:13.909] SetVolume(1.00, isMuted=False) -> VolumeProvider.Volume=1
[02:48:15.084] SetVolume(1.00, isMuted=False) -> VolumeProvider.Volume=1
[02:48:15.084] SetVolume(1.00, isMuted=False) -> VolumeProvider.Volume=1
[02:48:15.396] Read #7050: requested=3000, read=3000, maxSample=0.198273
[02:48:17.096] Read #7100: requested=3000, read=3000, maxSample=0.071533
[02:48:18.796] Read #7150: requested=3000, read=3000, maxSample=0.085785
[02:48:20.496] Read #7200: requested=3000, read=3000, maxSample=0.295074
[02:48:22.196] Read #7250: requested=3000, read=3000, maxSample=0.000366
[02:48:23.906] Read #7300: requested=3000, read=3000, maxSample=0.234375
[02:48:25.606] Read #7350: requested=3000, read=3000, maxSample=0.143799
[02:48:27.307] Read #7400: requested=3000, read=3000, maxSample=0.106903
[02:48:29.007] Read #7450: requested=3000, read=3000, maxSample=0.160522
[02:48:30.706] Read #7500: requested=3000, read=3000, maxSample=0.343048
[02:48:32.406] Read #7550: requested=3000, read=3000, maxSample=0.334869
[02:48:34.106] Read #7600: requested=3000, read=3000, maxSample=0.008331
[02:48:35.806] Read #7650: requested=3000, read=3000, maxSample=0.332916
[02:48:37.507] Read #7700: requested=3000, read=3000, maxSample=0.017822
[02:48:39.206] Read #7750: requested=3000, read=3000, maxSample=0.400177
[02:48:40.906] Read #7800: requested=3000, read=3000, maxSample=0.022034
[02:48:42.606] Read #7850: requested=3000, read=3000, maxSample=0.071259
[02:48:44.307] Read #7900: requested=3000, read=3000, maxSample=0.013763
[02:48:46.007] Read #7950: requested=3000, read=3000, maxSample=0.261383
[02:48:47.707] Read #8000: requested=3000, read=3000, maxSample=0.174744
[02:48:49.416] Read #8050: requested=3000, read=3000, maxSample=0.141174
[02:48:51.116] Read #8100: requested=3000, read=3000, maxSample=0.076080
[02:48:52.816] Read #8150: requested=3000, read=3000, maxSample=0.049744
[02:48:54.516] Read #8200: requested=3000, read=3000, maxSample=0.204803
[02:48:56.216] Read #8250: requested=3000, read=3000, maxSample=0.080353
[02:48:57.916] Read #8300: requested=3000, read=3000, maxSample=0.131226
[02:48:59.616] Read #8350: requested=3000, read=3000, maxSample=0.140503
[02:49:01.316] Read #8400: requested=3000, read=3000, maxSample=0.173370
[02:49:03.016] Read #8450: requested=3000, read=3000, maxSample=0.148590
[02:49:04.716] Read #8500: requested=3000, read=3000, maxSample=0.141113
[02:49:06.416] Read #8550: requested=3000, read=3000, maxSample=0.195923
[02:49:08.116] Read #8600: requested=3000, read=3000, maxSample=0.065216
[02:49:09.816] Read #8650: requested=3000, read=3000, maxSample=0.248260
[02:49:11.516] Read #8700: requested=3000, read=3000, maxSample=0.014465
[02:49:13.226] Read #8750: requested=3000, read=3000, maxSample=0.248566
[02:49:14.926] Read #8800: requested=3000, read=3000, maxSample=0.158081
[02:49:16.626] Read #8850: requested=3000, read=3000, maxSample=0.101318
[02:49:18.327] Read #8900: requested=3000, read=3000, maxSample=0.163391
[02:49:20.026] Read #8950: requested=3000, read=3000, maxSample=0.088928
[02:49:21.726] Read #9000: requested=3000, read=3000, maxSample=0.016388
[02:49:23.426] Read #9050: requested=3000, read=3000, maxSample=0.185486
[02:49:25.126] Read #9100: requested=3000, read=3000, maxSample=0.085327
[02:49:26.826] Read #9150: requested=3000, read=3000, maxSample=0.191040
[02:49:28.526] Read #9200: requested=3000, read=3000, maxSample=0.149536
[02:49:30.226] Read #9250: requested=3000, read=3000, maxSample=0.046814
[02:49:31.926] Read #9300: requested=3000, read=3000, maxSample=0.132568
[02:49:33.626] Read #9350: requested=3000, read=3000, maxSample=0.068970
[02:49:35.326] Read #9400: requested=3000, read=3000, maxSample=0.123474
[02:49:37.026] Read #9450: requested=3000, read=3000, maxSample=0.088562
[02:49:38.736] Read #9500: requested=3000, read=3000, maxSample=0.142731
[02:49:40.436] Read #9550: requested=3000, read=3000, maxSample=0.010040
[02:49:42.136] Read #9600: requested=3000, read=3000, maxSample=0.019836
[02:49:43.836] Read #9650: requested=3000, read=3000, maxSample=0.032196
[02:49:45.536] Read #9700: requested=3000, read=3000, maxSample=0.036896
[02:49:47.236] Read #9750: requested=3000, read=3000, maxSample=0.175720
[02:49:48.936] Read #9800: requested=3000, read=3000, maxSample=0.118958
[02:49:50.636] Read #9850: requested=3000, read=3000, maxSample=0.038147
[02:49:52.336] Read #9900: requested=3000, read=3000, maxSample=0.032166
[02:49:54.036] Read #9950: requested=3000, read=3000, maxSample=0.022644
[02:49:55.736] Read #10000: requested=3000, read=3000, maxSample=0.046906
[02:49:57.436] Read #10050: requested=3000, read=3000, maxSample=0.013000
[02:49:59.136] Read #10100: requested=3000, read=3000, maxSample=0.117615
[02:50:00.836] Read #10150: requested=3000, read=3000, maxSample=0.042908
[02:50:02.547] Read #10200: requested=3000, read=3000, maxSample=0.024811
[02:50:04.246] Read #10250: requested=3000, read=3000, maxSample=0.111450
[02:50:05.946] Read #10300: requested=3000, read=3000, maxSample=0.068237
[02:50:07.646] Read #10350: requested=3000, read=3000, maxSample=0.118866
[02:50:09.347] Read #10400: requested=3000, read=3000, maxSample=0.103516
[02:50:11.046] Read #10450: requested=3000, read=3000, maxSample=0.030518
[02:50:12.746] Read #10500: requested=3000, read=3000, maxSample=0.027618
[02:50:14.446] Read #10550: requested=3000, read=3000, maxSample=0.193207
[02:50:16.146] Read #10600: requested=3000, read=3000, maxSample=0.095245
[02:50:17.846] Read #10650: requested=3000, read=3000, maxSample=0.169556
[02:50:18.412] MainWindow.PlaybackButton_Click: session.State=Playing, Pos=663.20, HasAudioTrack=True, EngineIsPlaying=True
[02:50:18.412] Pause() invoked. Current state=Playing
[02:50:18.416] _outputDevice.Pause() executed. New state=Paused
[02:50:20.036] Seek(665.24s) invoked.
[02:50:20.040] Seek(665.24s) invoked.
[02:50:20.043] Seek(667.07s) invoked.
[02:50:20.171] Seek(668.91s) invoked.
[02:50:20.195] Seek(670.74s) invoked.
[02:50:20.243] Seek(672.57s) invoked.
[02:50:20.259] Seek(674.40s) invoked.
[02:50:20.307] Seek(676.24s) invoked.
[02:50:20.315] Seek(678.07s) invoked.
[02:50:20.331] Seek(679.90s) invoked.
[02:50:20.347] Seek(681.74s) invoked.
[02:50:20.355] Seek(683.57s) invoked.
[02:50:20.363] Seek(685.40s) invoked.
[02:50:20.374] Seek(690.90s) invoked.
[02:50:20.379] Seek(694.56s) invoked.
[02:50:20.387] Seek(698.23s) invoked.
[02:50:20.395] Seek(703.73s) invoked.
[02:50:20.403] Seek(709.22s) invoked.
[02:50:20.415] Seek(712.89s) invoked.
[02:50:20.426] Seek(716.56s) invoked.
[02:50:20.428] Seek(722.05s) invoked.
[02:50:20.435] Seek(723.89s) invoked.
[02:50:20.443] Seek(727.55s) invoked.
[02:50:20.459] Seek(731.22s) invoked.
[02:50:20.467] Seek(733.05s) invoked.
[02:50:20.475] Seek(734.88s) invoked.
[02:50:20.485] Seek(736.71s) invoked.
[02:50:20.491] Seek(738.55s) invoked.
[02:50:20.499] Seek(740.38s) invoked.
[02:50:20.507] Seek(742.21s) invoked.
[02:50:20.516] Seek(744.04s) invoked.
[02:50:20.523] Seek(745.88s) invoked.
[02:50:20.532] Seek(747.71s) invoked.
[02:50:20.539] Seek(747.71s) invoked.
[02:50:20.541] Seek(749.54s) invoked.
[02:50:20.547] Seek(751.37s) invoked.
[02:50:20.560] Seek(753.21s) invoked.
[02:50:20.573] Seek(755.04s) invoked.
[02:50:20.582] Seek(756.87s) invoked.
[02:50:20.587] Seek(758.71s) invoked.
[02:50:20.603] Seek(760.54s) invoked.
[02:50:20.611] Seek(762.37s) invoked.
[02:50:20.627] Seek(764.20s) invoked.
[02:50:20.635] Seek(766.04s) invoked.
[02:50:20.646] Seek(767.87s) invoked.
[02:50:20.659] Seek(771.53s) invoked.
[02:50:20.667] Seek(773.37s) invoked.
[02:50:20.683] Seek(775.20s) invoked.
[02:50:20.691] Seek(777.03s) invoked.
[02:50:20.708] Seek(778.86s) invoked.
[02:50:20.715] Seek(780.70s) invoked.
[02:50:20.728] Seek(782.53s) invoked.
[02:50:20.747] Seek(784.36s) invoked.
[02:50:20.755] Seek(786.19s) invoked.
[02:50:20.772] Seek(788.03s) invoked.
[02:50:20.779] Seek(789.86s) invoked.
[02:50:20.795] Seek(791.69s) invoked.
[02:50:20.808] Seek(793.53s) invoked.
[02:50:20.819] Seek(795.36s) invoked.
[02:50:20.844] Seek(797.19s) invoked.
[02:50:20.859] Seek(799.02s) invoked.
[02:50:20.883] Seek(800.86s) invoked.
[02:50:20.907] Seek(802.69s) invoked.
[02:50:20.939] Seek(804.52s) invoked.
[02:50:21.037] Seek(804.52s) invoked.
[02:50:21.315] Seek(804.52s) invoked.
[02:50:21.323] Seek(802.69s) invoked.
[02:50:21.355] Seek(800.86s) invoked.
[02:50:21.419] Seek(799.02s) invoked.
[02:50:21.451] Seek(797.19s) invoked.
[02:50:21.507] Seek(795.36s) invoked.
[02:50:21.547] Seek(795.36s) invoked.
[02:50:21.550] Seek(795.36s) invoked.
[02:50:21.603] Seek(793.53s) invoked.
[02:50:22.053] Seek(793.53s) invoked.
[02:50:22.557] Seek(793.53s) invoked.
[02:50:22.755] Seek(793.53s) invoked.
[02:50:23.048] Seek(793.53s) invoked.
[02:50:23.553] Seek(793.53s) invoked.
[02:50:24.046] Seek(793.53s) invoked.
[03:13:25.559] Load() started for: C:\Users\sayan\Downloads\Naam Reh Jayegaa - Watch FULL Episode 6 - Arijit's Perfect tribute to Lata Mangeshkar.mp4
[03:13:25.648] _reader created: SampleRate=44100, Ch=2, TotalTime=00:43:31.4859977
[03:13:25.708] WaveOutEvent initialized successfully: Wave Mapper (System Default), PlaybackState=Stopped
[03:13:25.709] Load() finished successfully. HasAudioTrack=True
[03:13:25.712] SetVolume(1.00, isMuted=False) -> VolumeProvider.Volume=1
[03:13:25.712] MainWindow.LoadFileAsync: HasAudioTrack=True, Device=Wave Mapper (System Default), _userMuted=False
[03:13:25.716] SetVolume(1.00, isMuted=False) -> VolumeProvider.Volume=1
[03:13:25.716] SetVolume(1.00, isMuted=False) -> VolumeProvider.Volume=1
[03:13:27.824] MainWindow.PlaybackButton_Click: session.State=Paused, Pos=0.00, HasAudioTrack=True, EngineIsPlaying=False
[03:13:27.825] Seek(0.00s) invoked.
[03:13:27.828] Play() invoked. OutputDevice=Wave Mapper (System Default), PlaybackState=Stopped, Volume=1, IsMuted=False
[03:13:27.829] _outputDevice.Play() executed. New state=Playing
[03:13:27.885] Read #1: requested=3000, read=3000, maxSample=0.000000
[03:13:27.886] Read #2: requested=3000, read=3000, maxSample=0.000000
[03:13:27.888] Read #3: requested=3000, read=3000, maxSample=0.012238
[03:13:27.946] Read #4: requested=3000, read=3000, maxSample=0.078461
[03:13:27.975] Read #5: requested=3000, read=3000, maxSample=0.205048
[03:13:28.015] Read #6: requested=3000, read=3000, maxSample=0.206360
[03:13:28.045] Read #7: requested=3000, read=3000, maxSample=0.170227
[03:13:28.075] Read #8: requested=3000, read=3000, maxSample=0.194214
[03:13:28.115] Read #9: requested=3000, read=3000, maxSample=0.160889
[03:13:28.145] Read #10: requested=3000, read=3000, maxSample=0.138275
[03:13:29.426] Seek(106.29s) invoked.
[03:13:29.505] Read #50: requested=3000, read=3000, maxSample=0.272247
[03:13:29.574] Seek(108.12s) invoked.
[03:13:29.589] Seek(109.96s) invoked.
[03:13:29.605] Seek(111.79s) invoked.
[03:13:29.614] Seek(113.62s) invoked.
[03:13:29.622] Seek(115.46s) invoked.
[03:13:29.637] Seek(117.29s) invoked.
[03:13:29.649] Seek(119.12s) invoked.
[03:13:29.661] Seek(120.95s) invoked.
[03:13:29.670] Seek(122.79s) invoked.
[03:13:29.718] Seek(124.62s) invoked.
[03:13:29.798] Seek(126.45s) invoked.
[03:13:29.928] Seek(126.45s) invoked.
[03:13:30.596] SetVolume(1.00, isMuted=False) -> VolumeProvider.Volume=1
[03:13:31.205] Read #100: requested=3000, read=3000, maxSample=0.228058
[03:13:32.905] Read #150: requested=3000, read=3000, maxSample=0.214783
[03:13:34.615] Read #200: requested=3000, read=3000, maxSample=0.227448
[03:13:36.315] Read #250: requested=3000, read=3000, maxSample=0.130432
[03:13:38.015] Read #300: requested=3000, read=3000, maxSample=0.046631
[03:13:39.715] Read #350: requested=3000, read=3000, maxSample=0.119171
[03:13:41.415] Read #400: requested=3000, read=3000, maxSample=0.044281
[03:13:43.115] Read #450: requested=3000, read=3000, maxSample=0.013611
[03:13:44.815] Read #500: requested=3000, read=3000, maxSample=0.157623
[03:13:46.515] Read #550: requested=3000, read=3000, maxSample=0.113831
[03:13:48.215] Read #600: requested=3000, read=3000, maxSample=0.172607
[03:13:49.915] Read #650: requested=3000, read=3000, maxSample=0.163208
[03:13:51.615] Read #700: requested=3000, read=3000, maxSample=0.159912
[03:13:53.315] Read #750: requested=3000, read=3000, maxSample=0.026276
[03:13:54.795] SetVolume(1.00, isMuted=False) -> VolumeProvider.Volume=1
[03:13:54.902] SetVolume(1.00, isMuted=False) -> VolumeProvider.Volume=1
[03:13:54.926] SetVolume(1.00, isMuted=False) -> VolumeProvider.Volume=1
[03:13:54.942] SetVolume(1.00, isMuted=False) -> VolumeProvider.Volume=1
[03:13:54.958] SetVolume(1.00, isMuted=False) -> VolumeProvider.Volume=1
[03:13:54.974] SetVolume(1.00, isMuted=False) -> VolumeProvider.Volume=1
[03:13:55.006] SetVolume(1.00, isMuted=False) -> VolumeProvider.Volume=1
[03:13:55.015] Read #800: requested=3000, read=3000, maxSample=0.000824
[03:13:55.094] SetVolume(1.00, isMuted=False) -> VolumeProvider.Volume=1
[03:13:55.150] SetVolume(1.00, isMuted=False) -> VolumeProvider.Volume=1
[03:13:55.222] SetVolume(1.00, isMuted=False) -> VolumeProvider.Volume=1
[03:13:55.303] SetVolume(1.00, isMuted=False) -> VolumeProvider.Volume=1
[03:13:56.715] Read #850: requested=3000, read=3000, maxSample=0.150635
[03:13:58.425] Read #900: requested=3000, read=3000, maxSample=0.000732
[03:14:00.125] Read #950: requested=3000, read=3000, maxSample=0.151459
[03:14:01.825] Read #1000: requested=3000, read=3000, maxSample=0.000732
[03:14:03.525] Read #1050: requested=3000, read=3000, maxSample=0.000702
[03:14:04.022] SetVolume(1.00, isMuted=False) -> VolumeProvider.Volume=1
[03:14:04.062] SetVolume(1.00, isMuted=False) -> VolumeProvider.Volume=1
[03:14:04.087] SetVolume(1.00, isMuted=False) -> VolumeProvider.Volume=1
[03:14:04.110] SetVolume(1.00, isMuted=False) -> VolumeProvider.Volume=1
[03:14:04.134] SetVolume(1.00, isMuted=False) -> VolumeProvider.Volume=1
[03:14:04.158] SetVolume(1.00, isMuted=False) -> VolumeProvider.Volume=1
[03:14:04.182] SetVolume(1.00, isMuted=False) -> VolumeProvider.Volume=1
[03:14:04.214] SetVolume(1.00, isMuted=False) -> VolumeProvider.Volume=1
[03:14:04.246] SetVolume(1.00, isMuted=False) -> VolumeProvider.Volume=1
[03:14:04.278] SetVolume(1.00, isMuted=False) -> VolumeProvider.Volume=1
[03:14:04.303] SetVolume(1.00, isMuted=False) -> VolumeProvider.Volume=1
[03:14:04.326] SetVolume(1.00, isMuted=False) -> VolumeProvider.Volume=1
[03:14:04.358] SetVolume(1.00, isMuted=False) -> VolumeProvider.Volume=1
[03:14:04.390] SetVolume(1.00, isMuted=False) -> VolumeProvider.Volume=1
[03:14:04.414] SetVolume(1.00, isMuted=False) -> VolumeProvider.Volume=1
[03:14:04.462] SetVolume(1.00, isMuted=False) -> VolumeProvider.Volume=1
[03:14:04.574] SetVolume(1.00, isMuted=False) -> VolumeProvider.Volume=1
[03:14:05.225] Read #1100: requested=3000, read=3000, maxSample=0.085968
[03:14:05.881] SetVolume(1.00, isMuted=False) -> VolumeProvider.Volume=1
[03:14:05.910] SetVolume(1.00, isMuted=False) -> VolumeProvider.Volume=1
[03:14:05.935] SetVolume(1.00, isMuted=False) -> VolumeProvider.Volume=1
[03:14:05.958] SetVolume(1.00, isMuted=False) -> VolumeProvider.Volume=1
[03:14:05.998] SetVolume(1.00, isMuted=False) -> VolumeProvider.Volume=1
[03:14:06.030] SetVolume(1.00, isMuted=False) -> VolumeProvider.Volume=1
[03:14:06.054] SetVolume(1.00, isMuted=False) -> VolumeProvider.Volume=1
[03:14:06.110] SetVolume(1.00, isMuted=False) -> VolumeProvider.Volume=1
[03:14:06.150] SetVolume(1.00, isMuted=False) -> VolumeProvider.Volume=1
[03:14:06.190] SetVolume(1.00, isMuted=False) -> VolumeProvider.Volume=1
[03:14:06.246] SetVolume(1.00, isMuted=False) -> VolumeProvider.Volume=1
[03:14:06.287] SetVolume(1.00, isMuted=False) -> VolumeProvider.Volume=1
[03:14:06.358] SetVolume(1.00, isMuted=False) -> VolumeProvider.Volume=1
[03:14:06.534] SetVolume(1.00, isMuted=False) -> VolumeProvider.Volume=1
[03:14:06.925] Read #1150: requested=3000, read=3000, maxSample=0.059967
[03:14:07.078] SetVolume(1.00, isMuted=False) -> VolumeProvider.Volume=1
[03:14:07.134] SetVolume(1.00, isMuted=False) -> VolumeProvider.Volume=1
[03:14:07.190] SetVolume(1.00, isMuted=False) -> VolumeProvider.Volume=1
[03:14:07.238] SetVolume(1.00, isMuted=False) -> VolumeProvider.Volume=1
[03:14:07.287] SetVolume(1.00, isMuted=False) -> VolumeProvider.Volume=1
[03:14:07.342] SetVolume(1.00, isMuted=False) -> VolumeProvider.Volume=1
[03:14:07.422] SetVolume(1.00, isMuted=False) -> VolumeProvider.Volume=1
[03:14:07.558] SetVolume(1.00, isMuted=False) -> VolumeProvider.Volume=1
[03:14:07.694] SetVolume(1.00, isMuted=False) -> VolumeProvider.Volume=1
[03:14:08.625] Read #1200: requested=3000, read=3000, maxSample=0.049622
[03:14:08.662] SetVolume(1.00, isMuted=False) -> VolumeProvider.Volume=1
[03:14:10.325] Read #1250: requested=3000, read=3000, maxSample=0.187256
[03:14:12.025] Read #1300: requested=3000, read=3000, maxSample=0.146027
[03:14:12.446] SetVolume(1.00, isMuted=False) -> VolumeProvider.Volume=1
[03:14:12.447] SetVolume(1.00, isMuted=False) -> VolumeProvider.Volume=1
[03:14:13.725] Read #1350: requested=3000, read=3000, maxSample=0.033356
[03:14:13.787] SetVolume(1.00, isMuted=False) -> VolumeProvider.Volume=1
[03:14:13.862] SetVolume(1.00, isMuted=False) -> VolumeProvider.Volume=1
[03:14:13.903] SetVolume(1.00, isMuted=False) -> VolumeProvider.Volume=1
[03:14:15.425] Read #1400: requested=3000, read=3000, maxSample=0.007172
[03:14:17.125] Read #1450: requested=3000, read=3000, maxSample=0.138031
[03:14:17.550] SetVolume(1.00, isMuted=False) -> VolumeProvider.Volume=1
[03:14:17.638] SetVolume(1.00, isMuted=False) -> VolumeProvider.Volume=1
[03:14:17.678] SetVolume(1.00, isMuted=False) -> VolumeProvider.Volume=1
[03:14:17.742] SetVolume(1.00, isMuted=False) -> VolumeProvider.Volume=1
[03:14:18.825] Read #1500: requested=3000, read=3000, maxSample=0.036163
[03:14:20.525] Read #1550: requested=3000, read=3000, maxSample=0.249542
[03:14:22.225] Read #1600: requested=3000, read=3000, maxSample=0.103546
[03:14:23.935] Read #1650: requested=3000, read=3000, maxSample=0.035614
[03:14:25.635] Read #1700: requested=3000, read=3000, maxSample=0.004211
[03:14:27.335] Read #1750: requested=3000, read=3000, maxSample=0.126801
[03:14:29.035] Read #1800: requested=3000, read=3000, maxSample=0.106018
[03:14:30.735] Read #1850: requested=3000, read=3000, maxSample=0.062897
[03:14:32.435] Read #1900: requested=3000, read=3000, maxSample=0.206421
[03:14:34.135] Read #1950: requested=3000, read=3000, maxSample=0.104248
[03:14:35.835] Read #2000: requested=3000, read=3000, maxSample=0.016571
[03:14:37.535] Read #2050: requested=3000, read=3000, maxSample=0.161743
[03:14:39.235] Read #2100: requested=3000, read=3000, maxSample=0.173279
[03:14:40.534] SetVolume(1.00, isMuted=False) -> VolumeProvider.Volume=1
[03:14:40.550] SetVolume(1.00, isMuted=False) -> VolumeProvider.Volume=1
[03:14:40.558] SetVolume(1.00, isMuted=False) -> VolumeProvider.Volume=1
[03:14:40.574] SetVolume(1.00, isMuted=False) -> VolumeProvider.Volume=1
[03:14:40.582] SetVolume(1.00, isMuted=False) -> VolumeProvider.Volume=1
[03:14:40.598] SetVolume(1.00, isMuted=False) -> VolumeProvider.Volume=1
[03:14:40.935] Read #2150: requested=3000, read=3000, maxSample=0.174408
[03:14:40.958] SetVolume(1.00, isMuted=False) -> VolumeProvider.Volume=1
[03:14:41.038] SetVolume(1.00, isMuted=False) -> VolumeProvider.Volume=1
[03:14:42.635] Read #2200: requested=3000, read=3000, maxSample=0.122284
[03:14:42.819] SetVolume(1.00, isMuted=False) -> VolumeProvider.Volume=1
[03:14:42.934] SetVolume(1.00, isMuted=False) -> VolumeProvider.Volume=1
[03:14:42.950] SetVolume(1.00, isMuted=False) -> VolumeProvider.Volume=1
[03:14:42.958] SetVolume(1.00, isMuted=False) -> VolumeProvider.Volume=1
[03:14:42.967] SetVolume(1.00, isMuted=False) -> VolumeProvider.Volume=1
[03:14:42.976] SetVolume(1.00, isMuted=False) -> VolumeProvider.Volume=1
[03:14:42.983] SetVolume(1.00, isMuted=False) -> VolumeProvider.Volume=1
[03:14:42.990] SetVolume(1.00, isMuted=False) -> VolumeProvider.Volume=1
[03:14:42.999] SetVolume(1.00, isMuted=False) -> VolumeProvider.Volume=1
[03:14:43.006] SetVolume(1.00, isMuted=False) -> VolumeProvider.Volume=1
[03:14:43.015] SetVolume(1.00, isMuted=False) -> VolumeProvider.Volume=1
[03:14:43.038] SetVolume(1.00, isMuted=False) -> VolumeProvider.Volume=1
[03:14:43.094] SetVolume(1.00, isMuted=False) -> VolumeProvider.Volume=1
[03:14:43.190] SetVolume(1.00, isMuted=False) -> VolumeProvider.Volume=1
[03:14:43.806] SetVolume(1.00, isMuted=False) -> VolumeProvider.Volume=1
[03:14:43.854] SetVolume(1.00, isMuted=False) -> VolumeProvider.Volume=1
[03:14:43.871] SetVolume(1.00, isMuted=False) -> VolumeProvider.Volume=1
[03:14:44.094] SetVolume(1.00, isMuted=False) -> VolumeProvider.Volume=1
[03:14:44.230] SetVolume(1.00, isMuted=False) -> VolumeProvider.Volume=1
[03:14:44.335] Read #2250: requested=3000, read=3000, maxSample=0.052887
[03:14:46.035] Read #2300: requested=3000, read=3000, maxSample=0.180725
[03:14:47.735] Read #2350: requested=3000, read=3000, maxSample=0.107788
[03:14:48.830] SetVolume(1.00, isMuted=False) -> VolumeProvider.Volume=1
[03:14:48.831] SetVolume(1.00, isMuted=False) -> VolumeProvider.Volume=1
[03:14:48.831] SetVolume(1.00, isMuted=False) -> VolumeProvider.Volume=1
[03:14:48.831] SetVolume(1.00, isMuted=False) -> VolumeProvider.Volume=1
[03:14:49.445] Read #2400: requested=3000, read=3000, maxSample=0.172028
[03:14:51.145] Read #2450: requested=3000, read=3000, maxSample=0.140320
[03:14:52.845] Read #2500: requested=3000, read=3000, maxSample=0.127136
[03:14:54.545] Read #2550: requested=3000, read=3000, maxSample=0.018585
[03:14:56.245] Read #2600: requested=3000, read=3000, maxSample=0.027222
[03:14:57.945] Read #2650: requested=3000, read=3000, maxSample=0.067932
[03:14:59.645] Read #2700: requested=3000, read=3000, maxSample=0.034210
[03:14:59.926] MainWindow.PlaybackButton_Click: session.State=Playing, Pos=216.33, HasAudioTrack=True, EngineIsPlaying=True
[03:14:59.927] Pause() invoked. Current state=Playing
[03:14:59.935] _outputDevice.Pause() executed. New state=Paused
[03:18:03.601] Load() started for: C:\Users\sayan\Downloads\Naam Reh Jayegaa - Watch FULL Episode 6 - Arijit's Perfect tribute to Lata Mangeshkar.mp4
[03:18:03.894] _reader created: SampleRate=44100, Ch=2, TotalTime=00:43:31.4859977
[03:18:03.958] WaveOutEvent initialized successfully: Wave Mapper (System Default), PlaybackState=Stopped
[03:18:03.958] Load() finished successfully. HasAudioTrack=True
[03:18:03.961] SetVolume(1.00, isMuted=False) -> VolumeProvider.Volume=1
[03:18:03.961] MainWindow.LoadFileAsync: HasAudioTrack=True, Device=Wave Mapper (System Default), _userMuted=False
[03:18:03.965] SetVolume(1.00, isMuted=False) -> VolumeProvider.Volume=1
[03:18:03.966] SetVolume(1.00, isMuted=False) -> VolumeProvider.Volume=1
[03:18:06.952] Seek(159.44s) invoked.
[03:18:06.964] Seek(159.44s) invoked.
[03:18:07.054] Seek(161.27s) invoked.
[03:18:07.069] Seek(161.27s) invoked.
[03:18:07.078] Seek(163.10s) invoked.
[03:18:07.086] Seek(166.77s) invoked.
[03:18:07.094] Seek(168.60s) invoked.
[03:18:07.102] Seek(174.10s) invoked.
[03:18:07.110] Seek(179.60s) invoked.
[03:18:07.118] Seek(183.26s) invoked.
[03:18:07.126] Seek(188.76s) invoked.
[03:18:07.135] Seek(194.26s) invoked.
[03:18:07.142] Seek(197.92s) invoked.
[03:18:07.150] Seek(199.76s) invoked.
[03:18:07.158] Seek(203.42s) invoked.
[03:18:07.166] Seek(205.25s) invoked.
[03:18:07.174] Seek(207.09s) invoked.
[03:18:07.182] Seek(208.92s) invoked.
[03:18:07.191] Seek(210.75s) invoked.
[03:18:07.278] Seek(212.58s) invoked.
[03:18:07.465] Seek(212.58s) invoked.
[03:18:07.518] Seek(210.75s) invoked.
[03:18:07.526] Seek(207.09s) invoked.
[03:18:07.542] Seek(203.42s) invoked.
[03:18:07.551] Seek(199.76s) invoked.
[03:18:07.566] Seek(196.09s) invoked.
[03:18:07.577] Seek(192.43s) invoked.
[03:18:07.582] Seek(190.59s) invoked.
[03:18:07.590] Seek(186.93s) invoked.
[03:18:07.599] Seek(183.26s) invoked.
[03:18:07.606] Seek(181.43s) invoked.
[03:18:07.614] Seek(177.76s) invoked.
[03:18:07.622] Seek(175.93s) invoked.
[03:18:07.631] Seek(174.10s) invoked.
[03:18:07.639] Seek(172.27s) invoked.
[03:18:07.647] Seek(170.43s) invoked.
[03:18:07.654] Seek(166.77s) invoked.
[03:18:07.663] Seek(164.94s) invoked.
[03:18:07.670] Seek(163.10s) invoked.
[03:18:07.681] Seek(159.44s) invoked.
[03:18:07.687] Seek(155.77s) invoked.
[03:18:07.695] Seek(153.94s) invoked.
[03:18:07.703] Seek(150.27s) invoked.
[03:18:07.711] Seek(146.61s) invoked.
[03:18:07.719] Seek(144.78s) invoked.
[03:18:07.726] Seek(141.11s) invoked.
[03:18:07.736] Seek(139.28s) invoked.
[03:18:07.743] Seek(135.61s) invoked.
[03:18:07.763] Seek(131.95s) invoked.
[03:18:07.768] Seek(124.62s) invoked.
[03:18:07.774] Seek(120.95s) invoked.
[03:18:07.783] Seek(119.12s) invoked.
[03:18:07.795] Seek(115.46s) invoked.
[03:18:07.799] Seek(111.79s) invoked.
[03:18:07.814] Seek(109.96s) invoked.
[03:18:07.822] Seek(108.12s) invoked.
[03:18:07.831] Seek(106.29s) invoked.
[03:18:07.838] Seek(104.46s) invoked.
[03:18:07.847] Seek(102.63s) invoked.
[03:18:07.862] Seek(100.79s) invoked.
[03:18:07.878] Seek(98.96s) invoked.
[03:18:07.886] Seek(97.13s) invoked.
[03:18:07.910] Seek(95.30s) invoked.
[03:18:07.926] Seek(93.46s) invoked.
[03:18:07.942] Seek(91.63s) invoked.
[03:18:07.953] Seek(89.80s) invoked.
[03:18:07.958] Seek(87.97s) invoked.
[03:18:07.974] Seek(86.13s) invoked.
[03:18:07.982] Seek(84.30s) invoked.
[03:18:07.998] Seek(82.47s) invoked.
[03:18:08.008] Seek(80.64s) invoked.
[03:18:08.014] Seek(78.80s) invoked.
[03:18:08.022] Seek(76.97s) invoked.
[03:18:08.031] Seek(75.14s) invoked.
[03:18:08.054] Seek(73.30s) invoked.
[03:18:08.081] Seek(71.47s) invoked.
[03:18:08.102] Seek(69.64s) invoked.
[03:18:08.198] Seek(67.81s) invoked.
[03:18:08.451] Seek(67.81s) invoked.
[03:18:08.741] SetVolume(1.00, isMuted=False) -> VolumeProvider.Volume=1
[03:18:08.956] Seek(67.81s) invoked.
[03:18:23.415] Seek(67.81s) invoked.
[03:18:23.419] Seek(67.81s) invoked.
[03:18:23.581] Seek(69.64s) invoked.
[03:18:23.597] Seek(71.47s) invoked.
[03:18:23.605] Seek(73.30s) invoked.
[03:18:23.614] Seek(75.14s) invoked.
[03:18:23.622] Seek(80.64s) invoked.
[03:18:23.630] Seek(84.30s) invoked.
[03:18:23.637] Seek(89.80s) invoked.
[03:18:23.646] Seek(95.30s) invoked.
[03:18:23.654] Seek(98.96s) invoked.
[03:18:23.664] Seek(104.46s) invoked.
[03:18:23.669] Seek(111.79s) invoked.
[03:18:23.678] Seek(119.12s) invoked.
[03:18:23.686] Seek(126.45s) invoked.
[03:18:23.694] Seek(131.95s) invoked.
[03:18:23.702] Seek(141.11s) invoked.
[03:18:23.710] Seek(152.11s) invoked.
[03:18:23.718] Seek(161.27s) invoked.
[03:18:23.726] Seek(170.43s) invoked.
[03:18:23.735] Seek(177.76s) invoked.
[03:18:23.742] Seek(185.09s) invoked.
[03:18:23.750] Seek(188.76s) invoked.
[03:18:23.757] Seek(194.26s) invoked.
[03:18:23.766] Seek(199.76s) invoked.
[03:18:23.773] Seek(201.59s) invoked.
[03:18:23.782] Seek(205.25s) invoked.
[03:18:23.790] Seek(210.75s) invoked.
[03:18:23.798] Seek(212.58s) invoked.
[03:18:23.805] Seek(216.25s) invoked.
[03:18:23.814] Seek(219.91s) invoked.
[03:18:23.822] Seek(223.58s) invoked.
[03:18:23.830] Seek(229.08s) invoked.
[03:18:23.837] Seek(230.91s) invoked.
[03:18:23.846] Seek(234.58s) invoked.
[03:18:23.853] Seek(238.24s) invoked.
[03:18:23.869] Seek(240.07s) invoked.
[03:18:23.878] Seek(241.91s) invoked.
[03:18:23.893] Seek(243.74s) invoked.
[03:18:23.902] Seek(245.57s) invoked.
[03:18:23.910] Seek(247.40s) invoked.
[03:18:23.925] Seek(249.24s) invoked.
[03:18:23.934] Seek(251.07s) invoked.
[03:18:23.937] Seek(251.07s) invoked.
[03:18:23.950] Seek(252.90s) invoked.
[03:18:23.957] Seek(254.73s) invoked.
[03:18:23.966] Seek(256.57s) invoked.
[03:18:23.989] Seek(258.40s) invoked.
[03:18:24.013] Seek(260.23s) invoked.
[03:18:24.046] Seek(262.06s) invoked.
[03:18:24.069] Seek(263.90s) invoked.
[03:18:24.077] Seek(263.90s) invoked.
[03:26:37.325] Load() started for: C:\Users\sayan\Downloads\Naam Reh Jayegaa - Watch FULL Episode 6 - Arijit's Perfect tribute to Lata Mangeshkar.mp4
[03:26:37.595] _reader created: SampleRate=44100, Ch=2, TotalTime=00:43:31.4859977
[03:26:37.687] WaveOutEvent initialized successfully: Wave Mapper (System Default), PlaybackState=Stopped
[03:26:37.688] Load() finished successfully. HasAudioTrack=True
[03:26:37.693] SetVolume(1.00, isMuted=False) -> VolumeProvider.Volume=1
[03:26:37.693] MainWindow.LoadFileAsync: HasAudioTrack=True, Device=Wave Mapper (System Default), _userMuted=False
[03:26:37.697] SetVolume(1.00, isMuted=False) -> VolumeProvider.Volume=1
[03:26:37.699] SetVolume(1.00, isMuted=False) -> VolumeProvider.Volume=1
[03:26:39.953] Seek(76.97s) invoked.
[03:26:39.959] Seek(76.97s) invoked.
[03:26:40.061] Seek(82.47s) invoked.
[03:26:40.070] Seek(89.80s) invoked.
[03:26:40.078] Seek(98.96s) invoked.
[03:26:40.087] Seek(108.12s) invoked.
[03:26:40.096] Seek(117.29s) invoked.
[03:26:40.104] Seek(126.45s) invoked.
[03:26:40.110] Seek(135.61s) invoked.
[03:26:40.118] Seek(146.61s) invoked.
[03:26:40.126] Seek(150.27s) invoked.
[03:26:40.136] Seek(153.94s) invoked.
[03:26:40.144] Seek(155.77s) invoked.
[03:26:40.150] Seek(157.61s) invoked.
[03:26:40.158] Seek(159.44s) invoked.
[03:26:40.169] Seek(161.27s) invoked.
[03:26:40.222] Seek(163.10s) invoked.
[03:26:40.238] Seek(164.94s) invoked.
[03:26:40.270] Seek(166.77s) invoked.
[03:26:40.278] Seek(168.60s) invoked.
[03:26:40.285] Seek(170.43s) invoked.
[03:26:40.303] Seek(172.27s) invoked.
[03:26:40.310] Seek(174.10s) invoked.
[03:26:40.318] Seek(175.93s) invoked.
[03:26:40.326] Seek(179.60s) invoked.
[03:26:40.337] Seek(181.43s) invoked.
[03:26:40.342] Seek(185.09s) invoked.
[03:26:40.351] Seek(186.93s) invoked.
[03:26:40.369] Seek(190.59s) invoked.
[03:26:40.374] Seek(192.43s) invoked.
[03:26:40.389] Seek(194.26s) invoked.
[03:26:40.398] Seek(196.09s) invoked.
[03:26:40.406] Seek(197.92s) invoked.
[03:26:40.429] Seek(199.76s) invoked.
[03:26:40.438] Seek(201.59s) invoked.
[03:26:40.450] Seek(201.59s) invoked.
[03:26:40.454] Seek(203.42s) invoked.
[03:26:40.471] Seek(205.25s) invoked.
[03:26:40.510] Seek(207.09s) invoked.
[03:26:40.526] Seek(208.92s) invoked.
[03:26:40.542] Seek(210.75s) invoked.
[03:26:40.573] Seek(212.58s) invoked.
[03:26:40.589] Seek(214.42s) invoked.
[03:26:40.605] Seek(216.25s) invoked.
[03:26:40.614] Seek(218.08s) invoked.
[03:26:40.621] Seek(219.91s) invoked.
[03:26:40.638] Seek(221.75s) invoked.
[03:26:40.646] Seek(225.41s) invoked.
[03:26:40.661] Seek(227.25s) invoked.
[03:26:40.670] Seek(229.08s) invoked.
[03:26:40.678] Seek(230.91s) invoked.
[03:26:40.685] Seek(232.74s) invoked.
[03:26:40.703] Seek(234.58s) invoked.
[03:26:40.951] Seek(234.58s) invoked.
[03:26:42.843] SetVolume(1.00, isMuted=False) -> VolumeProvider.Volume=1
[03:43:19.026] Load() started for: C:\Users\sayan\Downloads\Naam Reh Jayegaa - Watch FULL Episode 6 - Arijit's Perfect tribute to Lata Mangeshkar.mp4
[03:43:19.242] _reader created: SampleRate=44100, Ch=2, TotalTime=00:43:31.4859977
[03:43:19.312] WaveOutEvent initialized successfully: Wave Mapper (System Default), PlaybackState=Stopped
[03:43:19.312] Load() finished successfully. HasAudioTrack=True
[03:43:19.315] SetVolume(1.00, isMuted=False) -> VolumeProvider.Volume=1
[03:43:19.316] MainWindow.LoadFileAsync: HasAudioTrack=True, Device=Wave Mapper (System Default), _userMuted=False
[03:43:19.320] SetVolume(1.00, isMuted=False) -> VolumeProvider.Volume=1
[03:43:19.321] SetVolume(1.00, isMuted=False) -> VolumeProvider.Volume=1
[03:43:21.272] Seek(222.55s) invoked.
[03:43:21.279] Seek(225.37s) invoked.
[03:43:21.285] Seek(225.37s) invoked.
[03:43:21.318] Seek(228.19s) invoked.
[03:43:21.350] Seek(231.01s) invoked.
[03:43:21.366] Seek(233.82s) invoked.
[03:43:21.381] Seek(236.64s) invoked.
[03:43:21.405] Seek(239.46s) invoked.
[03:43:21.414] Seek(242.27s) invoked.
[03:43:21.431] Seek(245.09s) invoked.
[03:43:21.438] Seek(247.91s) invoked.
[03:43:21.454] Seek(250.73s) invoked.
[03:43:21.463] Seek(253.54s) invoked.
[03:43:21.469] Seek(256.36s) invoked.
[03:43:21.485] Seek(259.18s) invoked.
[03:43:21.494] Seek(261.99s) invoked.
[03:43:21.502] Seek(264.81s) invoked.
[03:43:21.509] Seek(267.63s) invoked.
[03:43:21.518] Seek(270.45s) invoked.
[03:43:21.533] Seek(273.26s) invoked.
[03:43:21.541] Seek(276.08s) invoked.
[03:43:21.581] Seek(278.90s) invoked.
[03:43:21.637] Seek(281.71s) invoked.
[03:43:21.693] Seek(284.53s) invoked.
[03:43:21.792] Seek(284.53s) invoked.
[03:43:22.109] Seek(287.35s) invoked.
[03:43:22.133] Seek(290.17s) invoked.
[03:43:22.141] Seek(292.98s) invoked.
[03:43:22.157] Seek(295.80s) invoked.
[03:43:22.165] Seek(298.62s) invoked.
[03:43:22.173] Seek(307.07s) invoked.
[03:43:22.192] Seek(315.52s) invoked.
[03:43:22.195] Seek(329.61s) invoked.
[03:43:22.198] Seek(352.14s) invoked.
[03:43:22.205] Seek(383.13s) invoked.
[03:43:22.214] Seek(416.94s) invoked.
[03:43:22.221] Seek(447.92s) invoked.
[03:43:22.229] Seek(487.36s) invoked.
[03:43:22.237] Seek(523.99s) invoked.
[03:43:22.247] Seek(563.43s) invoked.
[03:43:22.253] Seek(600.05s) invoked.
[03:43:22.263] Seek(636.67s) invoked.
[03:43:22.269] Seek(670.48s) invoked.
[03:43:22.277] Seek(698.65s) invoked.
[03:43:22.281] Seek(698.65s) invoked.
[03:43:22.285] Seek(726.82s) invoked.
[03:43:22.293] Seek(752.18s) invoked.
[03:43:22.301] Seek(771.90s) invoked.
[03:43:22.309] Seek(791.62s) invoked.
[03:43:22.317] Seek(811.34s) invoked.
[03:43:22.325] Seek(831.06s) invoked.
[03:43:22.333] Seek(845.14s) invoked.
[03:43:22.342] Seek(859.23s) invoked.
[03:43:22.349] Seek(876.13s) invoked.
[03:43:22.358] Seek(884.58s) invoked.
[03:43:22.365] Seek(893.03s) invoked.
[03:43:22.373] Seek(901.48s) invoked.
[03:43:22.381] Seek(904.30s) invoked.
[03:43:22.389] Seek(909.94s) invoked.
[03:43:22.397] Seek(912.75s) invoked.
[03:43:22.413] Seek(915.57s) invoked.
[03:43:22.421] Seek(918.39s) invoked.
[03:43:22.437] Seek(921.20s) invoked.
[03:43:22.447] Seek(924.02s) invoked.
[03:43:22.646] Seek(921.20s) invoked.
[03:43:22.653] Seek(915.57s) invoked.
[03:43:22.665] Seek(904.30s) invoked.
[03:43:22.669] Seek(895.85s) invoked.
[03:43:22.678] Seek(876.13s) invoked.
[03:43:22.685] Seek(853.59s) invoked.
[03:43:22.693] Seek(825.42s) invoked.
[03:43:22.702] Seek(800.07s) invoked.
[03:43:22.709] Seek(771.90s) invoked.
[03:43:22.717] Seek(749.36s) invoked.
[03:43:22.725] Seek(724.00s) invoked.
[03:43:22.733] Seek(701.47s) invoked.
[03:43:22.741] Seek(676.11s) invoked.
[03:43:22.750] Seek(659.21s) invoked.
[03:43:22.758] Seek(633.86s) invoked.
[03:43:22.765] Seek(611.32s) invoked.
[03:43:22.773] Seek(585.96s) invoked.
[03:43:22.779] Seek(585.96s) invoked.
[03:43:22.781] Seek(557.79s) invoked.
[03:43:22.789] Seek(529.62s) invoked.
[03:43:22.797] Seek(501.45s) invoked.
[03:43:22.805] Seek(470.46s) invoked.
[03:43:22.813] Seek(442.29s) invoked.
[03:43:22.821] Seek(411.30s) invoked.
[03:43:22.830] Seek(380.31s) invoked.
[03:43:22.837] Seek(346.51s) invoked.
[03:43:22.846] Seek(318.34s) invoked.
[03:43:22.853] Seek(287.35s) invoked.
[03:43:22.873] Seek(259.18s) invoked.
[03:43:22.876] Seek(236.64s) invoked.
[03:43:22.878] Seek(211.29s) invoked.
[03:43:22.885] Seek(197.20s) invoked.
[03:43:22.893] Seek(185.93s) invoked.
[03:43:22.902] Seek(174.66s) invoked.
[03:43:22.909] Seek(169.03s) invoked.
[03:43:22.917] Seek(160.58s) invoked.
[03:43:22.925] Seek(154.94s) invoked.
[03:43:22.933] Seek(152.13s) invoked.
[03:43:22.941] Seek(146.49s) invoked.
[03:43:22.949] Seek(143.67s) invoked.
[03:43:22.957] Seek(138.04s) invoked.
[03:43:22.965] Seek(132.41s) invoked.
[03:43:22.973] Seek(129.59s) invoked.
[03:43:22.981] Seek(123.95s) invoked.
[03:43:22.989] Seek(118.32s) invoked.
[03:43:22.998] Seek(112.69s) invoked.
[03:43:23.006] Seek(104.23s) invoked.
[03:43:23.014] Seek(95.78s) invoked.
[03:43:23.021] Seek(87.33s) invoked.
[03:43:23.030] Seek(81.70s) invoked.
[03:43:23.038] Seek(70.43s) invoked.
[03:43:23.047] Seek(59.16s) invoked.
[03:43:23.053] Seek(50.71s) invoked.
[03:43:23.061] Seek(42.26s) invoked.
[03:43:23.069] Seek(33.81s) invoked.
[03:43:23.077] Seek(25.35s) invoked.
[03:43:23.085] Seek(22.54s) invoked.
[03:43:23.093] Seek(16.90s) invoked.
[03:43:23.101] Seek(14.09s) invoked.
[03:43:23.165] Seek(11.27s) invoked.
[03:43:23.173] Seek(8.45s) invoked.
[03:43:23.293] Seek(8.45s) invoked.
[03:43:23.310] Seek(5.63s) invoked.
[03:43:23.686] Seek(2.82s) invoked.
[03:43:23.793] Seek(2.82s) invoked.
[03:43:23.829] Seek(0.00s) invoked.
[03:43:23.846] Seek(0.00s) invoked.
[03:43:23.853] Seek(0.00s) invoked.
[03:43:23.862] Seek(0.00s) invoked.
[03:43:23.877] Seek(0.00s) invoked.
[03:43:23.893] Seek(0.00s) invoked.
[03:43:23.902] Seek(0.00s) invoked.
[03:43:23.909] Seek(0.00s) invoked.
[03:43:23.925] Seek(0.00s) invoked.
[03:43:23.933] Seek(0.00s) invoked.
[03:43:23.942] Seek(0.00s) invoked.
[03:43:24.030] Seek(0.00s) invoked.
[03:43:24.061] Seek(0.00s) invoked.
[03:43:24.093] Seek(0.00s) invoked.
[03:43:24.109] Seek(0.00s) invoked.
[03:43:24.235] SetVolume(1.00, isMuted=False) -> VolumeProvider.Volume=1
[03:43:25.206] Seek(152.13s) invoked.
[03:43:25.212] Seek(152.13s) invoked.
[03:43:25.285] Seek(154.94s) invoked.
[03:43:25.293] Seek(157.76s) invoked.
[03:43:25.301] Seek(163.39s) invoked.
[03:43:25.309] Seek(171.85s) invoked.
[03:43:25.317] Seek(180.30s) invoked.
[03:43:25.325] Seek(191.57s) invoked.
[03:43:25.333] Seek(202.83s) invoked.
[03:43:25.341] Seek(214.10s) invoked.
[03:43:25.349] Seek(222.55s) invoked.
[03:43:25.357] Seek(233.82s) invoked.
[03:43:25.368] Seek(245.09s) invoked.
[03:43:25.373] Seek(256.36s) invoked.
[03:43:25.381] Seek(261.99s) invoked.
[03:43:25.389] Seek(270.45s) invoked.
[03:43:25.397] Seek(276.08s) invoked.
[03:43:25.405] Seek(278.90s) invoked.
[03:43:25.413] Seek(281.71s) invoked.
[03:43:25.422] Seek(284.53s) invoked.
[03:43:25.469] Seek(287.35s) invoked.
[03:43:25.653] Seek(287.35s) invoked.
[03:43:25.661] Seek(284.53s) invoked.
[03:43:25.669] Seek(276.08s) invoked.
[03:43:25.677] Seek(267.63s) invoked.
[03:43:25.685] Seek(259.18s) invoked.
[03:43:25.693] Seek(245.09s) invoked.
[03:43:25.701] Seek(228.19s) invoked.
[03:43:25.709] Seek(211.29s) invoked.
[03:43:25.712] Seek(211.29s) invoked.
[03:43:25.717] Seek(191.57s) invoked.
[03:43:25.725] Seek(171.85s) invoked.
[03:43:25.733] Seek(157.76s) invoked.
[03:43:25.741] Seek(143.67s) invoked.
[03:43:25.749] Seek(129.59s) invoked.
[03:43:25.757] Seek(118.32s) invoked.
[03:43:25.765] Seek(107.05s) invoked.
[03:43:25.773] Seek(95.78s) invoked.
[03:43:25.781] Seek(90.15s) invoked.
[03:43:25.789] Seek(81.70s) invoked.
[03:43:25.797] Seek(73.25s) invoked.
[03:43:25.805] Seek(67.61s) invoked.
[03:43:25.813] Seek(56.34s) invoked.
[03:43:25.821] Seek(45.07s) invoked.
[03:43:25.829] Seek(36.62s) invoked.
[03:43:25.837] Seek(25.35s) invoked.
[03:43:25.846] Seek(14.09s) invoked.
[03:43:25.853] Seek(2.82s) invoked.
[03:43:25.861] Seek(0.00s) invoked.
[03:43:25.869] Seek(0.00s) invoked.
[03:43:25.877] Seek(0.00s) invoked.
[03:43:25.885] Seek(0.00s) invoked.
[03:43:25.893] Seek(0.00s) invoked.
[03:43:25.908] Seek(0.00s) invoked.
[03:43:25.910] Seek(0.00s) invoked.
[03:43:25.917] Seek(0.00s) invoked.
[03:43:25.925] Seek(0.00s) invoked.
[03:43:25.936] Seek(0.00s) invoked.
[03:43:25.949] Seek(0.00s) invoked.
[03:43:25.957] Seek(0.00s) invoked.
[03:43:25.965] Seek(0.00s) invoked.
[03:43:25.997] Seek(0.00s) invoked.
[03:43:28.494] Seek(115.50s) invoked.
[03:43:28.573] Seek(118.32s) invoked.
[03:43:28.581] Seek(123.95s) invoked.
[03:43:28.589] Seek(132.41s) invoked.
[03:43:28.602] Seek(143.67s) invoked.
[03:43:28.605] Seek(157.76s) invoked.
[03:43:28.613] Seek(171.85s) invoked.
[03:43:28.621] Seek(185.93s) invoked.
[03:43:28.631] Seek(202.83s) invoked.
[03:43:28.637] Seek(216.92s) invoked.
[03:43:28.645] Seek(231.01s) invoked.
[03:43:28.653] Seek(245.09s) invoked.
[03:43:28.672] Seek(261.99s) invoked.
[03:43:28.680] Seek(281.71s) invoked.
[03:43:28.685] Seek(290.17s) invoked.
[03:43:28.693] Seek(298.62s) invoked.
[03:43:28.701] Seek(304.25s) invoked.
[03:43:28.709] Seek(312.70s) invoked.
[03:43:28.718] Seek(321.15s) invoked.
[03:43:28.725] Seek(329.61s) invoked.
[03:43:28.729] Seek(329.61s) invoked.
[03:43:28.734] Seek(335.24s) invoked.
[03:43:28.741] Seek(343.69s) invoked.
[03:43:28.749] Seek(352.14s) invoked.
[03:43:28.758] Seek(357.78s) invoked.
[03:43:28.765] Seek(366.23s) invoked.
[03:43:28.774] Seek(377.50s) invoked.
[03:43:28.781] Seek(388.76s) invoked.
[03:43:28.789] Seek(402.85s) invoked.
[03:43:28.797] Seek(416.94s) invoked.
[03:43:28.806] Seek(431.02s) invoked.
[03:43:28.814] Seek(445.11s) invoked.
[03:43:28.822] Seek(464.83s) invoked.
[03:43:28.830] Seek(484.55s) invoked.
[03:43:28.837] Seek(504.27s) invoked.
[03:43:28.847] Seek(523.99s) invoked.
[03:43:28.855] Seek(538.07s) invoked.
[03:43:28.862] Seek(552.16s) invoked.
[03:43:28.876] Seek(569.06s) invoked.
[03:43:28.880] Seek(585.96s) invoked.
[03:43:28.885] Seek(600.05s) invoked.
[03:43:28.894] Seek(616.95s) invoked.
[03:43:28.901] Seek(633.86s) invoked.
[03:43:28.909] Seek(653.58s) invoked.
[03:43:28.924] Seek(673.30s) invoked.
[03:43:28.928] Seek(698.65s) invoked.
[03:43:28.934] Seek(721.19s) invoked.
[03:43:28.941] Seek(743.72s) invoked.
[03:43:28.949] Seek(769.08s) invoked.
[03:43:28.957] Seek(788.80s) invoked.
[03:43:28.965] Seek(811.34s) invoked.
[03:43:28.974] Seek(833.87s) invoked.
[03:43:28.981] Seek(853.59s) invoked.
[03:43:28.989] Seek(873.31s) invoked.
[03:43:28.998] Seek(887.40s) invoked.
[03:43:29.005] Seek(898.67s) invoked.
[03:43:29.014] Seek(907.12s) invoked.
[03:43:29.022] Seek(909.94s) invoked.
[03:43:29.030] Seek(912.75s) invoked.
[03:43:29.037] Seek(915.57s) invoked.
[03:43:29.133] Seek(912.75s) invoked.
[03:43:29.141] Seek(904.30s) invoked.
[03:43:29.149] Seek(895.85s) invoked.
[03:43:29.159] Seek(884.58s) invoked.
[03:43:29.166] Seek(873.31s) invoked.
[03:43:29.174] Seek(862.04s) invoked.
[03:43:29.183] Seek(853.59s) invoked.
[03:43:29.190] Seek(842.32s) invoked.
[03:43:29.198] Seek(828.24s) invoked.
[03:43:29.206] Seek(811.34s) invoked.
[03:43:29.214] Seek(791.62s) invoked.
[03:43:29.221] Seek(771.90s) invoked.
[03:43:29.230] Seek(771.90s) invoked.
[03:43:29.234] Seek(757.81s) invoked.
[03:43:29.237] Seek(738.09s) invoked.
[03:43:29.246] Seek(718.37s) invoked.
[03:43:29.254] Seek(701.47s) invoked.
[03:43:29.261] Seek(681.75s) invoked.
[03:43:29.269] Seek(659.21s) invoked.
[03:43:29.277] Seek(633.86s) invoked.
[03:43:29.285] Seek(611.32s) invoked.
[03:43:29.293] Seek(583.15s) invoked.
[03:43:29.301] Seek(554.98s) invoked.
[03:43:29.309] Seek(526.80s) invoked.
[03:43:29.317] Seek(498.63s) invoked.
[03:43:29.325] Seek(470.46s) invoked.
[03:43:29.333] Seek(436.66s) invoked.
[03:43:29.341] Seek(402.85s) invoked.
[03:43:29.349] Seek(371.86s) invoked.
[03:43:29.357] Seek(338.06s) invoked.
[03:43:29.365] Seek(304.25s) invoked.
[03:43:29.373] Seek(270.45s) invoked.
[03:43:29.381] Seek(239.46s) invoked.
[03:43:29.389] Seek(205.65s) invoked.
[03:43:29.397] Seek(169.03s) invoked.
[03:43:29.405] Seek(129.59s) invoked.
[03:43:29.413] Seek(95.78s) invoked.
[03:43:29.421] Seek(64.79s) invoked.
[03:43:29.429] Seek(30.99s) invoked.
[03:43:29.437] Seek(0.00s) invoked.
[03:43:29.450] Seek(0.00s) invoked.
[03:43:29.457] Seek(0.00s) invoked.
[03:43:29.461] Seek(0.00s) invoked.
[03:43:29.469] Seek(0.00s) invoked.
[03:43:29.477] Seek(0.00s) invoked.
[03:43:29.487] Seek(0.00s) invoked.
[03:43:29.493] Seek(0.00s) invoked.
[03:43:29.502] Seek(0.00s) invoked.
[03:43:29.509] Seek(0.00s) invoked.
[03:43:29.517] Seek(0.00s) invoked.
[03:43:29.525] Seek(0.00s) invoked.
[03:43:29.533] Seek(0.00s) invoked.
[03:43:29.549] Seek(0.00s) invoked.
[03:43:29.557] Seek(0.00s) invoked.
[03:43:29.573] Seek(0.00s) invoked.
[03:43:29.581] Seek(0.00s) invoked.
[03:43:29.589] Seek(0.00s) invoked.
[03:43:29.597] Seek(0.00s) invoked.
[03:43:29.661] Seek(0.00s) invoked.
[03:43:29.718] Seek(0.00s) invoked.
[03:43:29.741] Seek(0.00s) invoked.
[03:43:29.765] Seek(0.00s) invoked.
[03:43:29.789] Seek(0.00s) invoked.
[03:43:29.797] Seek(0.00s) invoked.
[03:43:29.805] Seek(0.00s) invoked.
[03:43:29.813] Seek(0.00s) invoked.
[03:43:29.821] Seek(0.00s) invoked.
[03:43:29.829] Seek(0.00s) invoked.
[03:43:29.837] Seek(0.00s) invoked.
[03:43:29.845] Seek(0.00s) invoked.
[03:43:29.853] Seek(0.00s) invoked.
[03:43:29.861] Seek(0.00s) invoked.
[03:43:29.869] Seek(0.00s) invoked.
[03:43:29.877] Seek(0.00s) invoked.
[03:43:29.885] Seek(0.00s) invoked.
[03:43:29.893] Seek(0.00s) invoked.
[03:43:29.901] Seek(0.00s) invoked.
[03:43:29.909] Seek(2.82s) invoked.
[03:43:29.917] Seek(5.63s) invoked.
[03:43:29.933] Seek(8.45s) invoked.
[03:43:30.045] Seek(5.63s) invoked.
[03:43:30.053] Seek(0.00s) invoked.
[03:43:30.061] Seek(0.00s) invoked.
[03:43:30.069] Seek(0.00s) invoked.
[03:43:30.077] Seek(0.00s) invoked.
[03:43:30.085] Seek(0.00s) invoked.
[03:43:30.093] Seek(0.00s) invoked.
[03:43:30.101] Seek(0.00s) invoked.
[03:43:30.109] Seek(0.00s) invoked.
[03:43:30.117] Seek(0.00s) invoked.
[03:43:30.125] Seek(0.00s) invoked.
[03:43:30.133] Seek(0.00s) invoked.
[03:43:30.141] Seek(0.00s) invoked.
[03:43:30.149] Seek(0.00s) invoked.
[03:43:30.157] Seek(0.00s) invoked.
[03:43:30.228] Seek(0.00s) invoked.
[03:43:30.261] Seek(0.00s) invoked.
[03:43:30.269] Seek(0.00s) invoked.
[03:43:30.277] Seek(0.00s) invoked.
[03:43:30.285] Seek(0.00s) invoked.
[03:43:30.293] Seek(0.00s) invoked.
[03:43:30.301] Seek(0.00s) invoked.
[03:43:30.309] Seek(5.63s) invoked.
[03:43:30.319] Seek(42.26s) invoked.
[03:43:30.325] Seek(76.06s) invoked.
[03:43:30.333] Seek(112.69s) invoked.
[03:43:30.341] Seek(146.49s) invoked.
[03:43:30.349] Seek(180.30s) invoked.
[03:43:30.357] Seek(208.47s) invoked.
[03:43:30.379] Seek(250.73s) invoked.
[03:43:30.381] Seek(270.45s) invoked.
[03:43:30.389] Seek(284.53s) invoked.
[03:43:30.397] Seek(298.62s) invoked.
[03:43:30.405] Seek(309.89s) invoked.
[03:43:30.413] Seek(323.97s) invoked.
[03:43:30.422] Seek(335.24s) invoked.
[03:43:30.432] Seek(343.69s) invoked.
[03:43:30.456] Seek(374.68s) invoked.
[03:43:30.461] Seek(380.31s) invoked.
[03:43:30.469] Seek(388.76s) invoked.
[03:43:30.478] Seek(397.22s) invoked.
[03:43:30.488] Seek(402.85s) invoked.
[03:43:30.496] Seek(411.30s) invoked.
[03:43:30.501] Seek(419.75s) invoked.
[03:43:30.509] Seek(425.39s) invoked.
[03:43:30.520] Seek(433.84s) invoked.
[03:43:30.525] Seek(442.29s) invoked.
[03:43:30.533] Seek(445.11s) invoked.
[03:43:30.541] Seek(450.74s) invoked.
[03:43:30.549] Seek(456.38s) invoked.
[03:43:30.557] Seek(462.01s) invoked.
[03:43:30.567] Seek(467.64s) invoked.
[03:43:30.586] Seek(470.46s) invoked.
[03:43:30.589] Seek(473.28s) invoked.
[03:43:30.605] Seek(476.10s) invoked.
[03:43:30.613] Seek(478.91s) invoked.
[03:43:30.621] Seek(481.73s) invoked.
[03:43:30.685] Seek(481.73s) invoked.
[03:43:30.701] Seek(476.10s) invoked.
[03:43:30.709] Seek(470.46s) invoked.
[03:43:30.717] Seek(459.19s) invoked.
[03:43:30.725] Seek(445.11s) invoked.
[03:43:30.729] Seek(445.11s) invoked.
[03:43:30.733] Seek(425.39s) invoked.
[03:43:30.741] Seek(405.67s) invoked.
[03:43:30.749] Seek(385.95s) invoked.
[03:43:30.757] Seek(363.41s) invoked.
[03:43:30.766] Seek(343.69s) invoked.
[03:43:30.773] Seek(323.97s) invoked.
[03:43:30.781] Seek(307.07s) invoked.
[03:43:30.789] Seek(287.35s) invoked.
[03:43:30.797] Seek(261.99s) invoked.
[03:43:30.805] Seek(245.09s) invoked.
[03:43:30.813] Seek(225.37s) invoked.
[03:43:30.821] Seek(200.02s) invoked.
[03:43:30.829] Seek(177.48s) invoked.
[03:43:30.837] Seek(154.94s) invoked.
[03:43:30.846] Seek(135.22s) invoked.
[03:43:30.853] Seek(109.87s) invoked.
[03:43:30.861] Seek(87.33s) invoked.
[03:43:30.869] Seek(61.98s) invoked.
[03:43:30.877] Seek(39.44s) invoked.
[03:43:30.885] Seek(14.09s) invoked.
[03:43:30.893] Seek(0.00s) invoked.
[03:43:30.901] Seek(0.00s) invoked.
[03:43:30.909] Seek(0.00s) invoked.
[03:43:30.917] Seek(0.00s) invoked.
[03:43:30.925] Seek(0.00s) invoked.
[03:43:30.933] Seek(0.00s) invoked.
[03:43:30.941] Seek(0.00s) invoked.
[03:43:30.950] Seek(0.00s) invoked.
[03:43:30.957] Seek(0.00s) invoked.
[03:43:30.969] Seek(0.00s) invoked.
[03:43:30.973] Seek(0.00s) invoked.
[03:43:30.981] Seek(0.00s) invoked.
[03:43:30.989] Seek(0.00s) invoked.
[03:43:30.997] Seek(0.00s) invoked.
[03:43:31.005] Seek(0.00s) invoked.
[03:43:31.021] Seek(0.00s) invoked.
[03:43:31.029] Seek(0.00s) invoked.
[03:43:31.037] Seek(0.00s) invoked.
[03:43:31.053] Seek(0.00s) invoked.
[03:43:31.069] Seek(0.00s) invoked.
[03:43:31.093] Seek(0.00s) invoked.
[03:43:31.109] Seek(0.00s) invoked.
[03:43:31.117] Seek(0.00s) invoked.
[03:43:31.205] Seek(0.00s) invoked.
[03:43:31.235] Seek(0.00s) invoked.
[03:43:35.175] MainWindow.PlaybackButton_Click: session.State=Paused, Pos=0.00, HasAudioTrack=True, EngineIsPlaying=False
[03:43:35.175] Seek(0.00s) invoked.
[03:43:35.178] Play() invoked. OutputDevice=Wave Mapper (System Default), PlaybackState=Stopped, Volume=1, IsMuted=False
[03:43:35.178] _outputDevice.Play() executed. New state=Playing
[03:43:35.216] Read #1: requested=3000, read=3000, maxSample=0.000000
[03:43:35.217] Read #2: requested=3000, read=3000, maxSample=0.000000
[03:43:35.219] Read #3: requested=3000, read=3000, maxSample=0.012238
[03:43:35.276] Read #4: requested=3000, read=3000, maxSample=0.078461
[03:43:35.305] Read #5: requested=3000, read=3000, maxSample=0.205048
[03:43:35.345] Read #6: requested=3000, read=3000, maxSample=0.206360
[03:43:35.375] Read #7: requested=3000, read=3000, maxSample=0.170227
[03:43:35.405] Read #8: requested=3000, read=3000, maxSample=0.194214
[03:43:35.445] Read #9: requested=3000, read=3000, maxSample=0.160889
[03:43:35.475] Read #10: requested=3000, read=3000, maxSample=0.138275
[03:43:36.447] Seek(129.59s) invoked.
[03:43:36.835] Read #50: requested=3000, read=3000, maxSample=0.246704
[03:43:36.928] Seek(129.59s) invoked.
[03:43:37.141] Seek(132.41s) invoked.
[03:43:37.153] Seek(138.04s) invoked.
[03:43:37.157] Seek(143.67s) invoked.
[03:43:37.165] Seek(152.13s) invoked.
[03:43:37.173] Seek(163.39s) invoked.
[03:43:37.182] Seek(171.85s) invoked.
[03:43:37.189] Seek(185.93s) invoked.
[03:43:37.197] Seek(202.83s) invoked.
[03:43:37.205] Seek(216.92s) invoked.
[03:43:37.213] Seek(231.01s) invoked.
[03:43:37.221] Seek(245.09s) invoked.
[03:43:37.230] Seek(259.18s) invoked.
[03:43:37.237] Seek(273.26s) invoked.
[03:43:37.249] Seek(284.53s) invoked.
[03:43:37.253] Seek(292.98s) invoked.
[03:43:37.261] Seek(295.80s) invoked.
[03:43:37.269] Seek(301.43s) invoked.
[03:43:37.277] Seek(309.89s) invoked.
[03:43:37.289] Seek(312.70s) invoked.
[03:43:37.293] Seek(318.34s) invoked.
[03:43:37.301] Seek(321.15s) invoked.
[03:43:37.309] Seek(326.79s) invoked.
[03:43:37.319] Seek(332.42s) invoked.
[03:43:37.325] Seek(335.24s) invoked.
[03:43:37.341] Seek(338.06s) invoked.
[03:43:37.353] Seek(340.87s) invoked.
[03:43:37.428] Seek(340.87s) invoked.
[03:43:37.430] Seek(343.69s) invoked.
[03:43:37.461] Seek(346.51s) invoked.
[03:43:37.645] Seek(349.32s) invoked.
[03:43:37.677] Seek(352.14s) invoked.
[03:43:37.749] Seek(354.96s) invoked.
[03:43:37.928] Seek(354.96s) invoked.
[03:43:37.949] Seek(357.78s) invoked.
[03:43:37.957] Seek(360.59s) invoked.
[03:43:37.973] Seek(363.41s) invoked.
[03:43:37.981] Seek(369.04s) invoked.
[03:43:37.989] Seek(374.68s) invoked.
[03:43:38.002] Seek(383.13s) invoked.
[03:43:38.005] Seek(397.22s) invoked.
[03:43:38.013] Seek(416.94s) invoked.
[03:43:38.021] Seek(436.66s) invoked.
[03:43:38.033] Seek(459.19s) invoked.
[03:43:38.041] Seek(493.00s) invoked.
[03:43:38.047] Seek(523.99s) invoked.
[03:43:38.053] Seek(563.43s) invoked.
[03:43:38.061] Seek(605.68s) invoked.
[03:43:38.075] Seek(642.31s) invoked.
[03:43:38.079] Seek(678.93s) invoked.
[03:43:38.085] Seek(718.37s) invoked.
[03:43:38.094] Seek(749.36s) invoked.
[03:43:38.103] Seek(774.71s) invoked.
[03:43:38.109] Seek(797.25s) invoked.
[03:43:38.117] Seek(811.34s) invoked.
[03:43:38.125] Seek(828.24s) invoked.
[03:43:38.133] Seek(833.87s) invoked.
[03:43:38.147] Seek(839.51s) invoked.
[03:43:38.150] Seek(842.32s) invoked.
[03:43:38.157] Seek(845.14s) invoked.
[03:43:38.165] Seek(847.96s) invoked.
[03:51:38.582] Load() started for: C:\Users\sayan\Downloads\Naam Reh Jayegaa - Watch FULL Episode 6 - Arijit's Perfect tribute to Lata Mangeshkar.mp4
[03:51:38.641] _reader created: SampleRate=44100, Ch=2, TotalTime=00:43:31.4859977
[03:51:38.696] WaveOutEvent initialized successfully: Wave Mapper (System Default), PlaybackState=Stopped
[03:51:38.697] Load() finished successfully. HasAudioTrack=True
[03:51:38.699] SetVolume(1.00, isMuted=False) -> VolumeProvider.Volume=1
[03:51:38.700] MainWindow.LoadFileAsync: HasAudioTrack=True, Device=Wave Mapper (System Default), _userMuted=False
[03:51:38.703] SetVolume(1.00, isMuted=False) -> VolumeProvider.Volume=1
[03:51:38.703] SetVolume(1.00, isMuted=False) -> VolumeProvider.Volume=1
[03:51:43.622] SetVolume(1.00, isMuted=False) -> VolumeProvider.Volume=1
[03:55:53.245] Load() started for: C:\Users\sayan\Downloads\Naam Reh Jayegaa - Watch FULL Episode 6 - Arijit's Perfect tribute to Lata Mangeshkar.mp4
[03:55:53.491] _reader created: SampleRate=44100, Ch=2, TotalTime=00:43:31.4859977
[03:55:53.555] WaveOutEvent initialized successfully: Wave Mapper (System Default), PlaybackState=Stopped
[03:55:53.556] Load() finished successfully. HasAudioTrack=True
[03:55:53.559] SetVolume(1.00, isMuted=False) -> VolumeProvider.Volume=1
[03:55:53.559] MainWindow.LoadFileAsync: HasAudioTrack=True, Device=Wave Mapper (System Default), _userMuted=False
[03:55:53.563] SetVolume(1.00, isMuted=False) -> VolumeProvider.Volume=1
[03:55:53.563] SetVolume(1.00, isMuted=False) -> VolumeProvider.Volume=1
[03:55:58.400] SetVolume(1.00, isMuted=False) -> VolumeProvider.Volume=1
[04:44:44.748] Load() started for: C:\Users\sayan\Downloads\Naam Reh Jayegaa - Watch FULL Episode 6 - Arijit's Perfect tribute to Lata Mangeshkar.mp4
[04:44:44.847] _reader created: SampleRate=44100, Ch=2, TotalTime=00:43:31.4859977
[04:44:44.927] WaveOutEvent initialized successfully: Wave Mapper (System Default), PlaybackState=Stopped
[04:44:44.928] Load() finished successfully. HasAudioTrack=True
[04:44:44.931] SetVolume(1.00, isMuted=False) -> VolumeProvider.Volume=1
[04:44:44.932] MainWindow.LoadFileAsync: HasAudioTrack=True, Device=Wave Mapper (System Default), _userMuted=False
[04:44:44.937] SetVolume(1.00, isMuted=False) -> VolumeProvider.Volume=1
[04:44:44.937] SetVolume(1.00, isMuted=False) -> VolumeProvider.Volume=1
[04:44:47.291] Seek(216.92s) invoked.
[04:44:47.301] Seek(216.92s) invoked.
[04:44:47.444] Seek(219.74s) invoked.
[04:44:47.452] Seek(222.55s) invoked.
[04:44:47.476] Seek(225.37s) invoked.
[04:44:47.487] Seek(228.19s) invoked.
[04:44:47.497] Seek(228.19s) invoked.
[04:44:47.501] Seek(231.01s) invoked.
[04:44:47.509] Seek(236.64s) invoked.
[04:44:47.524] Seek(239.46s) invoked.
[04:44:47.536] Seek(242.27s) invoked.
[04:44:47.660] Seek(245.09s) invoked.
[04:44:47.815] Seek(245.09s) invoked.
[04:44:48.315] Seek(245.09s) invoked.
[04:44:48.652] Seek(245.09s) invoked.
[04:44:48.669] Seek(247.91s) invoked.
[04:44:48.679] Seek(250.73s) invoked.
[04:44:48.687] Seek(253.54s) invoked.
[04:44:48.692] Seek(259.18s) invoked.
[04:44:48.706] Seek(267.63s) invoked.
[04:44:48.709] Seek(273.26s) invoked.
[04:44:48.717] Seek(284.53s) invoked.
[04:44:48.725] Seek(295.80s) invoked.
[04:44:48.736] Seek(312.70s) invoked.
[04:44:48.741] Seek(323.97s) invoked.
[04:44:48.752] Seek(332.42s) invoked.
[04:44:48.757] Seek(340.87s) invoked.
[04:44:48.766] Seek(346.51s) invoked.
[04:44:48.773] Seek(352.14s) invoked.
[04:44:48.796] Seek(354.96s) invoked.
[04:44:48.817] Seek(354.96s) invoked.
[04:44:48.834] Seek(357.78s) invoked.
[04:44:48.868] Seek(360.59s) invoked.
[04:44:48.877] Seek(363.41s) invoked.
[04:44:48.885] Seek(366.23s) invoked.
[04:44:48.952] Seek(369.04s) invoked.
[04:44:48.980] Seek(371.86s) invoked.
[04:44:49.316] Seek(371.86s) invoked.
[04:44:49.685] Seek(374.68s) invoked.
[04:44:49.692] Seek(377.50s) invoked.
[04:44:49.701] Seek(380.31s) invoked.
[04:44:49.708] Seek(385.95s) invoked.
[04:44:49.718] Seek(391.58s) invoked.
[04:44:49.724] Seek(400.03s) invoked.
[04:44:49.737] Seek(402.85s) invoked.
[04:44:49.741] Seek(411.30s) invoked.
[04:44:49.751] Seek(416.94s) invoked.
[04:44:49.756] Seek(419.75s) invoked.
[04:44:49.766] Seek(425.39s) invoked.
[04:44:49.772] Seek(428.20s) invoked.
[04:44:49.780] Seek(431.02s) invoked.
[04:44:49.789] Seek(433.84s) invoked.
[04:44:49.796] Seek(436.66s) invoked.
[04:44:49.804] Seek(442.29s) invoked.
[04:44:49.812] Seek(445.11s) invoked.
[04:44:49.817] Seek(445.11s) invoked.
[04:44:49.826] Seek(450.74s) invoked.
[04:44:49.829] Seek(459.19s) invoked.
[04:44:49.837] Seek(467.64s) invoked.
[04:44:49.844] Seek(478.91s) invoked.
[04:44:49.853] Seek(493.00s) invoked.
[04:44:49.860] Seek(507.08s) invoked.
[04:44:49.870] Seek(523.99s) invoked.
[04:44:49.878] Seek(543.71s) invoked.
[04:44:49.886] Seek(566.24s) invoked.
[04:44:49.892] Seek(591.60s) invoked.
[04:44:49.903] Seek(614.14s) invoked.
[04:44:49.909] Seek(645.12s) invoked.
[04:44:49.920] Seek(681.75s) invoked.
[04:44:49.929] Seek(718.37s) invoked.
[04:44:49.936] Seek(760.63s) invoked.
[04:44:49.941] Seek(808.52s) invoked.
[04:44:49.951] Seek(862.04s) invoked.
[04:44:49.957] Seek(915.57s) invoked.
[04:44:49.969] Seek(980.36s) invoked.
[04:44:49.980] Seek(1124.04s) invoked.
[04:44:49.988] Seek(1186.01s) invoked.
[04:44:49.996] Seek(1233.91s) invoked.
[04:44:50.005] Seek(1270.53s) invoked.
[04:44:50.012] Seek(1295.88s) invoked.
[04:44:50.021] Seek(1309.97s) invoked.
[04:44:50.029] Seek(1318.42s) invoked.
[04:44:50.037] Seek(1321.24s) invoked.
[04:44:50.076] Seek(1324.05s) invoked.
[04:44:50.244] Seek(1324.05s) invoked.
[04:44:50.332] Seek(1324.05s) invoked.
[04:44:50.444] Seek(1326.87s) invoked.
[04:44:50.508] Seek(1329.69s) invoked.
[04:44:50.549] Seek(1332.51s) invoked.
[04:44:50.572] Seek(1335.32s) invoked.
[04:44:50.588] Seek(1338.14s) invoked.
[04:44:50.604] Seek(1340.96s) invoked.
[04:44:50.836] Seek(1340.96s) invoked.
[04:44:50.933] Seek(1343.77s) invoked.
[04:44:50.956] Seek(1346.59s) invoked.
[04:44:50.967] Seek(1349.41s) invoked.
[04:44:50.972] Seek(1352.23s) invoked.
[04:44:50.980] Seek(1363.49s) invoked.
[04:44:50.988] Seek(1380.40s) invoked.
[04:44:50.997] Seek(1400.12s) invoked.
[04:44:51.009] Seek(1428.29s) invoked.
[04:44:51.013] Seek(1464.91s) invoked.
[04:44:51.021] Seek(1507.17s) invoked.
[04:44:51.029] Seek(1549.43s) invoked.
[04:44:51.037] Seek(1591.68s) invoked.
[04:44:51.044] Seek(1639.57s) invoked.
[04:44:51.057] Seek(1684.65s) invoked.
[04:44:51.061] Seek(1732.54s) invoked.
[04:44:51.069] Seek(1769.16s) invoked.
[04:44:51.077] Seek(1797.33s) invoked.
[04:44:51.085] Seek(1822.69s) invoked.
[04:44:51.093] Seek(1836.77s) invoked.
[04:44:51.103] Seek(1845.22s) invoked.
[04:44:51.118] Seek(1856.49s) invoked.
[04:44:51.125] Seek(1859.31s) invoked.
[04:44:51.140] Seek(1862.13s) invoked.
[04:44:51.151] Seek(1864.94s) invoked.
[04:44:51.172] Seek(1867.76s) invoked.
[04:44:51.196] Seek(1870.58s) invoked.
[04:44:51.333] Seek(1870.58s) invoked.
[04:44:51.784] SetVolume(1.00, isMuted=False) -> VolumeProvider.Volume=1
[04:44:52.556] Seek(1898.75s) invoked.
[04:44:52.564] Seek(1901.57s) invoked.
[04:44:52.570] Seek(1901.57s) invoked.
[04:44:52.572] Seek(1907.20s) invoked.
[04:44:52.580] Seek(1912.84s) invoked.
[04:44:52.593] Seek(1924.10s) invoked.
[04:44:52.596] Seek(1943.82s) invoked.
[04:44:52.604] Seek(1974.81s) invoked.
[04:44:52.612] Seek(2011.44s) invoked.
[04:44:52.620] Seek(2053.69s) invoked.
[04:44:52.628] Seek(2104.40s) invoked.
[04:44:52.642] Seek(2157.93s) invoked.
[04:44:52.645] Seek(2208.64s) invoked.
[04:44:52.652] Seek(2259.34s) invoked.
[04:44:52.660] Seek(2310.05s) invoked.
[04:44:52.668] Seek(2352.31s) invoked.
[04:44:52.676] Seek(2380.48s) invoked.
[04:44:52.684] Seek(2403.02s) invoked.
[04:44:52.692] Seek(2414.29s) invoked.
[04:44:52.701] Seek(2419.92s) invoked.
[04:44:52.708] Seek(2425.55s) invoked.
[04:44:53.069] Seek(2425.55s) invoked.
[04:44:53.317] Seek(2428.37s) invoked.
[04:44:53.348] Seek(2431.19s) invoked.
[04:44:53.364] Seek(2436.82s) invoked.
[04:44:53.372] Seek(2445.28s) invoked.
[04:44:53.380] Seek(2450.91s) invoked.
[04:44:53.389] Seek(2459.36s) invoked.
[04:44:53.396] Seek(2467.81s) invoked.
[04:44:53.405] Seek(2476.26s) invoked.
[04:44:53.419] Seek(2481.90s) invoked.
[04:44:53.421] Seek(2487.53s) invoked.
[04:44:53.428] Seek(2490.35s) invoked.
[04:44:53.437] Seek(2493.17s) invoked.
[04:44:53.564] Seek(2493.17s) invoked.
[04:44:53.772] Seek(2495.98s) invoked.
[04:44:53.803] Seek(2498.80s) invoked.
[04:44:53.836] Seek(2501.62s) invoked.
[04:44:53.844] Seek(2504.43s) invoked.
[04:44:53.860] Seek(2507.25s) invoked.
[04:44:53.908] Seek(2510.07s) invoked.
[04:44:53.948] Seek(2512.89s) invoked.
[04:44:54.081] Seek(2512.89s) invoked.
[04:44:54.092] Seek(2510.07s) invoked.
[04:44:54.101] Seek(2498.80s) invoked.
[04:44:54.108] Seek(2479.08s) invoked.
[04:44:54.117] Seek(2445.28s) invoked.
[04:44:54.124] Seek(2397.38s) invoked.
[04:44:54.136] Seek(2326.96s) invoked.
[04:44:54.145] Seek(2233.99s) invoked.
[04:44:54.149] Seek(2121.30s) invoked.
[04:44:54.156] Seek(2014.25s) invoked.
[04:44:54.164] Seek(1907.20s) invoked.
[04:44:54.172] Seek(1788.88s) invoked.
[04:44:54.180] Seek(1656.48s) invoked.
[04:44:54.195] Seek(1512.80s) invoked.
[04:44:54.199] Seek(1369.13s) invoked.
[04:44:54.204] Seek(1225.45s) invoked.
[04:44:54.212] Seek(1073.33s) invoked.
[04:44:54.220] Seek(926.84s) invoked.
[04:44:54.228] Seek(783.16s) invoked.
[04:44:54.245] Seek(645.12s) invoked.
[04:44:54.248] Seek(521.17s) invoked.
[04:44:54.253] Seek(402.85s) invoked.
[04:44:54.260] Seek(287.35s) invoked.
[04:44:54.268] Seek(169.03s) invoked.
[04:44:54.276] Seek(53.53s) invoked.
[04:44:54.286] Seek(0.00s) invoked.
[04:44:54.293] Seek(0.00s) invoked.
[04:44:54.303] Seek(0.00s) invoked.
[04:44:54.307] Seek(0.00s) invoked.
[04:44:54.317] Seek(0.00s) invoked.
[04:44:54.324] Seek(0.00s) invoked.
[04:44:54.334] Seek(0.00s) invoked.
[04:44:54.348] Seek(0.00s) invoked.
[04:44:54.354] Seek(0.00s) invoked.
[04:44:54.364] Seek(0.00s) invoked.
[04:44:54.584] Seek(0.00s) invoked.
[04:59:51.895] Load() started for: C:\Users\sayan\Downloads\upscaled-video.mp4
[04:59:51.934] _reader created: SampleRate=48000, Ch=2, TotalTime=00:00:10.0050000
[04:59:52.002] WaveOutEvent initialized successfully: Wave Mapper (System Default), PlaybackState=Stopped
[04:59:52.003] Load() finished successfully. HasAudioTrack=True
[04:59:52.006] SetVolume(1.00, isMuted=False) -> VolumeProvider.Volume=1
[04:59:52.006] MainWindow.LoadFileAsync: HasAudioTrack=True, Device=Wave Mapper (System Default), _userMuted=False
[04:59:52.010] SetVolume(1.00, isMuted=False) -> VolumeProvider.Volume=1
[04:59:52.012] SetVolume(1.00, isMuted=False) -> VolumeProvider.Volume=1
[04:59:52.505] SetVolume(1.00, isMuted=False) -> VolumeProvider.Volume=1
[13:07:29.097] Load() started for: C:\Users\sayan\Downloads\Naam Reh Jayegaa - Watch FULL Episode 6 - Arijit's Perfect tribute to Lata Mangeshkar.mp4
[13:07:29.187] _reader created: SampleRate=44100, Ch=2, TotalTime=00:43:31.4859977
[13:07:29.252] WaveOutEvent initialized successfully: Wave Mapper (System Default), PlaybackState=Stopped
[13:07:29.253] Load() finished successfully. HasAudioTrack=True
[13:07:29.256] SetVolume(1.00, isMuted=False) -> VolumeProvider.Volume=1
[13:07:29.256] MainWindow.LoadFileAsync: HasAudioTrack=True, Device=Wave Mapper (System Default), _userMuted=False
[13:07:29.260] SetVolume(1.00, isMuted=False) -> VolumeProvider.Volume=1
[13:07:29.260] SetVolume(1.00, isMuted=False) -> VolumeProvider.Volume=1
[13:07:34.456] SetVolume(1.00, isMuted=False) -> VolumeProvider.Volume=1
[13:07:39.508] MainWindow.PlaybackButton_Click: session.State=Paused, Pos=0.00, HasAudioTrack=True, EngineIsPlaying=False
[13:07:39.509] Seek(0.00s) invoked.
[13:07:39.511] Play() invoked. OutputDevice=Wave Mapper (System Default), PlaybackState=Stopped, Volume=1, IsMuted=False
[13:07:39.512] _outputDevice.Play() executed. New state=Playing
[13:07:39.571] Read #1: requested=3000, read=3000, maxSample=0.000000
[13:07:39.601] Read #2: requested=3000, read=3000, maxSample=0.000000
[13:07:39.602] Read #3: requested=3000, read=3000, maxSample=0.012238
[13:07:39.653] Read #4: requested=3000, read=3000, maxSample=0.078461
[13:07:39.682] Read #5: requested=3000, read=3000, maxSample=0.205048
[13:07:39.722] Read #6: requested=3000, read=3000, maxSample=0.206360
[13:07:39.752] Read #7: requested=3000, read=3000, maxSample=0.170227
[13:07:39.782] Read #8: requested=3000, read=3000, maxSample=0.194214
[13:07:39.822] Read #9: requested=3000, read=3000, maxSample=0.160889
[13:07:39.852] Read #10: requested=3000, read=3000, maxSample=0.138275
[13:07:40.302] Seek(86.13s) invoked.
[13:07:40.354] Seek(87.97s) invoked.
[13:07:40.394] Seek(89.80s) invoked.
[13:07:40.418] Seek(91.63s) invoked.
[13:07:40.426] Seek(93.46s) invoked.
[13:07:40.458] Seek(95.30s) invoked.
[13:07:40.549] Seek(95.30s) invoked.
[13:07:40.610] Seek(97.13s) invoked.
[13:07:41.212] Read #50: requested=3000, read=3000, maxSample=0.203979
[13:07:42.912] Read #100: requested=3000, read=3000, maxSample=0.170197
[13:07:44.612] Read #150: requested=3000, read=3000, maxSample=0.117737
[13:07:46.322] Read #200: requested=3000, read=3000, maxSample=0.252563
[13:07:48.022] Read #250: requested=3000, read=3000, maxSample=0.261505
[13:07:49.722] Read #300: requested=3000, read=3000, maxSample=0.264893
[13:07:51.422] Read #350: requested=3000, read=3000, maxSample=0.105865
[13:07:53.122] Read #400: requested=3000, read=3000, maxSample=0.363800
[13:07:54.822] Read #450: requested=3000, read=3000, maxSample=0.400116
[13:07:56.522] Read #500: requested=3000, read=3000, maxSample=0.240234
[13:07:58.222] Read #550: requested=3000, read=3000, maxSample=0.234985
[13:07:59.922] Read #600: requested=3000, read=3000, maxSample=0.250366
[13:08:01.622] Read #650: requested=3000, read=3000, maxSample=0.253906
[13:08:03.322] Read #700: requested=3000, read=3000, maxSample=0.180725
[13:08:05.022] Read #750: requested=3000, read=3000, maxSample=0.099091
[13:08:06.722] Read #800: requested=3000, read=3000, maxSample=0.092010
[13:08:08.422] Read #850: requested=3000, read=3000, maxSample=0.224854
[13:08:10.132] Read #900: requested=3000, read=3000, maxSample=0.214630
[13:08:11.832] Read #950: requested=3000, read=3000, maxSample=0.214752
[13:08:13.532] Read #1000: requested=3000, read=3000, maxSample=0.287781
[13:08:15.232] Read #1050: requested=3000, read=3000, maxSample=0.312653
[13:08:16.932] Read #1100: requested=3000, read=3000, maxSample=0.201965
[13:08:18.632] Read #1150: requested=3000, read=3000, maxSample=0.277344
[13:08:20.332] Read #1200: requested=3000, read=3000, maxSample=0.088959
[13:08:22.032] Read #1250: requested=3000, read=3000, maxSample=0.043152
[13:08:23.732] Read #1300: requested=3000, read=3000, maxSample=0.015137
[13:08:25.432] Read #1350: requested=3000, read=3000, maxSample=0.198273
[13:08:27.132] Read #1400: requested=3000, read=3000, maxSample=0.131256
[13:08:28.832] Read #1450: requested=3000, read=3000, maxSample=0.095856
[13:08:30.532] Read #1500: requested=3000, read=3000, maxSample=0.067047
[13:08:32.232] Read #1550: requested=3000, read=3000, maxSample=0.209045
[13:08:33.932] Read #1600: requested=3000, read=3000, maxSample=0.003052
[13:08:35.642] Read #1650: requested=3000, read=3000, maxSample=0.000641
[13:08:37.342] Read #1700: requested=3000, read=3000, maxSample=0.000549
[13:08:39.042] Read #1750: requested=3000, read=3000, maxSample=0.141479
[13:08:40.742] Read #1800: requested=3000, read=3000, maxSample=0.012604
[13:08:42.442] Read #1850: requested=3000, read=3000, maxSample=0.000732
[13:08:44.142] Read #1900: requested=3000, read=3000, maxSample=0.001038
[13:08:45.842] Read #1950: requested=3000, read=3000, maxSample=0.096466
[13:08:47.542] Read #2000: requested=3000, read=3000, maxSample=0.086273
[13:08:49.242] Read #2050: requested=3000, read=3000, maxSample=0.063629
[13:08:50.942] Read #2100: requested=3000, read=3000, maxSample=0.092987
[13:08:51.083] SetVolume(1.00, isMuted=False) -> VolumeProvider.Volume=1
[13:08:51.362] SetVolume(1.00, isMuted=False) -> VolumeProvider.Volume=1
[13:08:51.690] SetVolume(1.00, isMuted=False) -> VolumeProvider.Volume=1
[13:08:52.019] SetVolume(1.00, isMuted=False) -> VolumeProvider.Volume=1
[13:08:52.642] Read #2150: requested=3000, read=3000, maxSample=0.069580
[13:08:54.342] Read #2200: requested=3000, read=3000, maxSample=0.009644
[13:08:56.042] Read #2250: requested=3000, read=3000, maxSample=0.099335
[13:08:57.742] Read #2300: requested=3000, read=3000, maxSample=0.126129
[13:08:59.442] Read #2350: requested=3000, read=3000, maxSample=0.039886
[13:09:01.152] Read #2400: requested=3000, read=3000, maxSample=0.115692
[13:09:01.269] SetVolume(1.00, isMuted=False) -> VolumeProvider.Volume=1
[13:09:01.300] SetVolume(1.00, isMuted=False) -> VolumeProvider.Volume=1
[13:09:01.330] SetVolume(1.00, isMuted=False) -> VolumeProvider.Volume=1
[13:09:01.362] SetVolume(1.00, isMuted=False) -> VolumeProvider.Volume=1
[13:09:01.402] SetVolume(1.00, isMuted=False) -> VolumeProvider.Volume=1
[13:09:01.500] SetVolume(1.00, isMuted=False) -> VolumeProvider.Volume=1
[13:09:01.554] SetVolume(1.00, isMuted=False) -> VolumeProvider.Volume=1
[13:09:01.763] SetVolume(1.00, isMuted=False) -> VolumeProvider.Volume=1
[13:09:02.852] Read #2450: requested=3000, read=3000, maxSample=0.064575
[13:09:04.552] Read #2500: requested=3000, read=3000, maxSample=0.013947
[13:09:06.252] Read #2550: requested=3000, read=3000, maxSample=0.003815
[13:09:07.952] Read #2600: requested=3000, read=3000, maxSample=0.106232
[13:09:09.652] Read #2650: requested=3000, read=3000, maxSample=0.088593
[13:09:11.352] Read #2700: requested=3000, read=3000, maxSample=0.018951
[13:09:13.052] Read #2750: requested=3000, read=3000, maxSample=0.109070
[13:09:14.752] Read #2800: requested=3000, read=3000, maxSample=0.055389
[13:09:15.706] SetVolume(1.00, isMuted=False) -> VolumeProvider.Volume=1
[13:09:15.730] SetVolume(1.00, isMuted=False) -> VolumeProvider.Volume=1
[13:09:15.762] SetVolume(1.00, isMuted=False) -> VolumeProvider.Volume=1
[13:09:15.786] SetVolume(1.00, isMuted=False) -> VolumeProvider.Volume=1
[13:09:15.826] SetVolume(1.00, isMuted=False) -> VolumeProvider.Volume=1
[13:09:15.963] SetVolume(1.00, isMuted=False) -> VolumeProvider.Volume=1
[13:09:16.069] SetVolume(1.00, isMuted=False) -> VolumeProvider.Volume=1
[13:09:16.146] SetVolume(1.00, isMuted=False) -> VolumeProvider.Volume=1
[13:09:16.283] SetVolume(1.00, isMuted=False) -> VolumeProvider.Volume=1
[13:09:16.452] Read #2850: requested=3000, read=3000, maxSample=0.009918
[13:09:18.152] Read #2900: requested=3000, read=3000, maxSample=0.159973
[13:09:19.852] Read #2950: requested=3000, read=3000, maxSample=0.151154
[13:09:21.552] Read #3000: requested=3000, read=3000, maxSample=0.080994
[13:09:22.443] SetVolume(1.00, isMuted=False) -> VolumeProvider.Volume=1
[13:09:22.469] SetVolume(1.00, isMuted=False) -> VolumeProvider.Volume=1
[13:09:22.475] SetVolume(1.00, isMuted=False) -> VolumeProvider.Volume=1
[13:09:22.483] SetVolume(1.00, isMuted=False) -> VolumeProvider.Volume=1
[13:09:22.490] SetVolume(1.00, isMuted=False) -> VolumeProvider.Volume=1
[13:09:22.500] SetVolume(1.00, isMuted=False) -> VolumeProvider.Volume=1
[13:09:22.508] SetVolume(1.00, isMuted=False) -> VolumeProvider.Volume=1
[13:09:22.515] SetVolume(1.00, isMuted=False) -> VolumeProvider.Volume=1
[13:09:22.522] SetVolume(1.00, isMuted=False) -> VolumeProvider.Volume=1
[13:09:22.531] SetVolume(1.00, isMuted=False) -> VolumeProvider.Volume=1
[13:09:22.541] SetVolume(1.00, isMuted=False) -> VolumeProvider.Volume=1
[13:09:23.252] Read #3050: requested=3000, read=3000, maxSample=0.061493
[13:09:24.952] Read #3100: requested=3000, read=3000, maxSample=0.034607
[13:09:26.662] Read #3150: requested=3000, read=3000, maxSample=0.237091
[13:09:28.362] Read #3200: requested=3000, read=3000, maxSample=0.124847
[13:09:29.130] SetVolume(1.00, isMuted=False) -> VolumeProvider.Volume=1
[13:09:29.140] SetVolume(1.00, isMuted=False) -> VolumeProvider.Volume=1
[13:09:29.147] SetVolume(1.00, isMuted=False) -> VolumeProvider.Volume=1
[13:09:29.154] SetVolume(1.00, isMuted=False) -> VolumeProvider.Volume=1
[13:09:29.163] SetVolume(1.00, isMuted=False) -> VolumeProvider.Volume=1
[13:09:29.170] SetVolume(1.00, isMuted=False) -> VolumeProvider.Volume=1
[13:09:29.179] SetVolume(1.00, isMuted=False) -> VolumeProvider.Volume=1
[13:09:29.186] SetVolume(1.00, isMuted=False) -> VolumeProvider.Volume=1
[13:09:29.195] SetVolume(1.00, isMuted=False) -> VolumeProvider.Volume=1
[13:09:29.203] SetVolume(1.00, isMuted=False) -> VolumeProvider.Volume=1
[13:09:29.211] SetVolume(1.00, isMuted=False) -> VolumeProvider.Volume=1
[13:09:30.062] Read #3250: requested=3000, read=3000, maxSample=0.232178
[13:09:31.762] Read #3300: requested=3000, read=3000, maxSample=0.076874
[13:09:32.659] SetVolume(1.00, isMuted=False) -> VolumeProvider.Volume=1
[13:09:32.691] SetVolume(1.00, isMuted=False) -> VolumeProvider.Volume=1
[13:09:32.715] SetVolume(1.00, isMuted=False) -> VolumeProvider.Volume=1
[13:09:32.725] SetVolume(1.00, isMuted=False) -> VolumeProvider.Volume=1
[13:09:32.747] SetVolume(1.00, isMuted=False) -> VolumeProvider.Volume=1
[13:09:32.786] SetVolume(1.00, isMuted=False) -> VolumeProvider.Volume=1
[13:09:32.954] SetVolume(1.00, isMuted=False) -> VolumeProvider.Volume=1
[13:09:33.026] SetVolume(1.00, isMuted=False) -> VolumeProvider.Volume=1
[13:09:33.075] SetVolume(1.00, isMuted=False) -> VolumeProvider.Volume=1
[13:09:33.462] Read #3350: requested=3000, read=3000, maxSample=0.048798
[13:09:33.627] SetVolume(1.00, isMuted=False) -> VolumeProvider.Volume=1
[13:09:33.683] SetVolume(1.00, isMuted=False) -> VolumeProvider.Volume=1
[13:09:33.754] SetVolume(1.00, isMuted=False) -> VolumeProvider.Volume=1
[13:09:33.931] SetVolume(1.00, isMuted=False) -> VolumeProvider.Volume=1
[13:09:35.162] Read #3400: requested=3000, read=3000, maxSample=0.045227
[13:09:35.437] SetVolume(1.00, isMuted=False) -> VolumeProvider.Volume=1
[13:09:35.453] SetVolume(1.00, isMuted=False) -> VolumeProvider.Volume=1
[13:09:35.473] SetVolume(1.00, isMuted=False) -> VolumeProvider.Volume=1
[13:09:35.477] SetVolume(1.00, isMuted=False) -> VolumeProvider.Volume=1
[13:09:35.491] SetVolume(1.00, isMuted=False) -> VolumeProvider.Volume=1
[13:09:35.509] SetVolume(1.00, isMuted=False) -> VolumeProvider.Volume=1
[13:09:35.532] SetVolume(1.00, isMuted=False) -> VolumeProvider.Volume=1
[13:09:36.862] Read #3450: requested=3000, read=3000, maxSample=0.019989
[13:09:38.562] Read #3500: requested=3000, read=3000, maxSample=0.024017
[13:09:40.262] Read #3550: requested=3000, read=3000, maxSample=0.013702
[13:09:41.059] Seek(285.89s) invoked.
[13:09:41.962] Read #3600: requested=3000, read=3000, maxSample=0.078461
[13:09:43.662] Read #3650: requested=3000, read=3000, maxSample=0.073395
[13:09:45.362] Read #3700: requested=3000, read=3000, maxSample=0.028992
[13:09:47.062] Read #3750: requested=3000, read=3000, maxSample=0.008728
[13:09:48.762] Read #3800: requested=3000, read=3000, maxSample=0.039795
[13:09:50.472] Read #3850: requested=3000, read=3000, maxSample=0.108185
[13:09:52.172] Read #3900: requested=3000, read=3000, maxSample=0.140839
[13:09:52.218] SetVolume(1.00, isMuted=False) -> VolumeProvider.Volume=1
[13:09:52.258] SetVolume(1.00, isMuted=False) -> VolumeProvider.Volume=1
[13:09:52.275] SetVolume(1.00, isMuted=False) -> VolumeProvider.Volume=1
[13:09:52.290] SetVolume(1.00, isMuted=False) -> VolumeProvider.Volume=1
[13:09:52.299] SetVolume(1.00, isMuted=False) -> VolumeProvider.Volume=1
[13:09:52.315] SetVolume(1.00, isMuted=False) -> VolumeProvider.Volume=1
[13:09:52.322] SetVolume(1.00, isMuted=False) -> VolumeProvider.Volume=1
[13:09:52.338] SetVolume(1.00, isMuted=False) -> VolumeProvider.Volume=1
[13:09:52.354] SetVolume(1.00, isMuted=False) -> VolumeProvider.Volume=1
[13:09:52.370] SetVolume(1.00, isMuted=False) -> VolumeProvider.Volume=1
[13:09:52.426] SetVolume(1.00, isMuted=False) -> VolumeProvider.Volume=1
[13:09:52.468] SetVolume(1.00, isMuted=False) -> VolumeProvider.Volume=1
[13:09:52.498] SetVolume(1.00, isMuted=False) -> VolumeProvider.Volume=1
[13:09:52.539] SetVolume(1.00, isMuted=False) -> VolumeProvider.Volume=1
[13:09:52.922] SetVolume(1.00, isMuted=False) -> VolumeProvider.Volume=1
[13:09:52.938] SetVolume(1.00, isMuted=False) -> VolumeProvider.Volume=1
[13:09:52.954] SetVolume(1.00, isMuted=False) -> VolumeProvider.Volume=1
[13:09:52.971] SetVolume(1.00, isMuted=False) -> VolumeProvider.Volume=1
[13:09:53.002] SetVolume(1.00, isMuted=False) -> VolumeProvider.Volume=1
[13:09:53.067] SetVolume(1.00, isMuted=False) -> VolumeProvider.Volume=1
[13:09:53.098] SetVolume(1.00, isMuted=False) -> VolumeProvider.Volume=1
[13:09:53.115] SetVolume(1.00, isMuted=False) -> VolumeProvider.Volume=1
[13:09:53.146] SetVolume(1.00, isMuted=False) -> VolumeProvider.Volume=1
[13:09:53.194] SetVolume(1.00, isMuted=False) -> VolumeProvider.Volume=1
[13:09:53.219] SetVolume(1.00, isMuted=False) -> VolumeProvider.Volume=1
[13:09:53.235] SetVolume(1.00, isMuted=False) -> VolumeProvider.Volume=1
[13:09:53.251] SetVolume(1.00, isMuted=False) -> VolumeProvider.Volume=1
[13:09:53.290] SetVolume(1.00, isMuted=False) -> VolumeProvider.Volume=1
[13:09:53.683] SetVolume(1.00, isMuted=False) -> VolumeProvider.Volume=1
[13:09:53.872] Read #3950: requested=3000, read=3000, maxSample=0.062073
[13:09:55.572] Read #4000: requested=3000, read=3000, maxSample=0.104034
[13:09:57.272] Read #4050: requested=3000, read=3000, maxSample=0.250061
[13:09:58.972] Read #4100: requested=3000, read=3000, maxSample=0.012665
[13:10:00.672] Read #4150: requested=3000, read=3000, maxSample=0.319153
[13:10:00.943] SetVolume(1.00, isMuted=False) -> VolumeProvider.Volume=1
[13:10:01.074] SetVolume(1.00, isMuted=False) -> VolumeProvider.Volume=1
[13:10:01.170] SetVolume(1.00, isMuted=False) -> VolumeProvider.Volume=1
[13:10:02.372] Read #4200: requested=3000, read=3000, maxSample=0.307190
[13:10:02.634] SetVolume(1.00, isMuted=False) -> VolumeProvider.Volume=1
[13:10:02.699] SetVolume(1.00, isMuted=False) -> VolumeProvider.Volume=1
[13:10:02.802] SetVolume(1.00, isMuted=False) -> VolumeProvider.Volume=1
[13:10:02.986] SetVolume(1.00, isMuted=False) -> VolumeProvider.Volume=1
[13:10:04.072] Read #4250: requested=3000, read=3000, maxSample=0.225677
[13:10:05.772] Read #4300: requested=3000, read=3000, maxSample=0.178925
[13:10:07.472] Read #4350: requested=3000, read=3000, maxSample=0.058563
[13:10:09.172] Read #4400: requested=3000, read=3000, maxSample=0.064667
[13:10:10.872] Read #4450: requested=3000, read=3000, maxSample=0.024017
[13:10:12.572] Read #4500: requested=3000, read=3000, maxSample=0.247681
[13:10:13.091] Seek(2532.68s) invoked.
[13:10:13.156] Seek(2532.68s) invoked.
[13:10:13.163] Seek(2532.68s) invoked.
[13:10:13.170] Seek(2527.19s) invoked.
[13:10:13.178] Seek(2519.85s) invoked.
[13:10:13.186] Seek(2508.86s) invoked.
[13:10:13.209] Seek(2496.03s) invoked.
[13:10:13.221] Seek(2441.05s) invoked.
[13:10:13.239] Seek(2417.23s) invoked.
[13:10:13.243] Seek(2358.58s) invoked.
[13:10:13.250] Seek(2329.26s) invoked.
[13:10:13.265] Seek(2298.11s) invoked.
[13:10:13.270] Seek(2268.79s) invoked.
[13:10:13.278] Seek(2237.63s) invoked.
[13:10:13.283] Seek(2210.14s) invoked.
[13:10:13.290] Seek(2182.65s) invoked.
[13:10:13.306] Seek(2158.83s) invoked.
[13:10:13.310] Seek(2131.34s) invoked.
[13:10:13.314] Seek(2107.52s) invoked.
[13:10:13.332] Seek(2081.86s) invoked.
[13:10:13.336] Seek(2058.03s) invoked.
[13:10:13.338] Seek(2034.21s) invoked.
[13:10:13.346] Seek(2008.55s) invoked.
[13:10:13.354] Seek(1984.73s) invoked.
[13:10:13.373] Seek(1962.74s) invoked.
[13:10:13.377] Seek(1938.91s) invoked.
[13:10:13.387] Seek(1898.60s) invoked.
[13:10:13.400] Seek(1880.27s) invoked.
[13:10:13.405] Seek(1867.44s) invoked.
[13:10:13.410] Seek(1858.28s) invoked.
[13:10:13.418] Seek(1852.78s) invoked.
[13:10:13.434] Seek(1847.28s) invoked.
[13:10:13.447] Seek(1843.62s) invoked.
[13:10:13.474] Seek(1841.78s) invoked.
[13:10:13.482] Seek(1839.95s) invoked.
[13:10:13.503] Seek(1838.12s) invoked.
[13:10:13.507] Seek(1836.29s) invoked.
[13:10:13.514] Seek(1834.45s) invoked.
[13:10:13.526] Seek(1830.79s) invoked.
[13:10:13.530] Seek(1827.12s) invoked.
[13:10:13.543] Seek(1823.46s) invoked.
[13:10:13.547] Seek(1817.96s) invoked.
[13:10:13.554] Seek(1810.63s) invoked.
[13:10:13.571] Seek(1805.13s) invoked.
[13:10:13.582] Seek(1784.97s) invoked.
[13:10:13.586] Seek(1772.15s) invoked.
[13:10:13.600] Seek(1757.48s) invoked.
[13:10:13.604] Seek(1740.99s) invoked.
[13:10:13.610] Seek(1720.83s) invoked.
[13:10:13.618] Seek(1698.84s) invoked.
[13:10:13.626] Seek(1673.18s) invoked.
[13:10:13.644] Seek(1649.36s) invoked.
[13:10:13.647] Seek(1621.87s) invoked.
[13:10:13.651] Seek(1594.38s) invoked.
[13:10:13.658] Seek(1566.89s) invoked.
[13:10:13.671] Seek(1539.40s) invoked.
[13:10:13.675] Seek(1511.91s) invoked.
[13:10:13.685] Seek(1484.42s) invoked.
[13:10:13.690] Seek(1453.27s) invoked.
[13:10:13.698] Seek(1423.95s) invoked.
[13:10:13.711] Seek(1396.46s) invoked.
[13:10:13.715] Seek(1368.97s) invoked.
[13:10:13.722] Seek(1341.48s) invoked.
[13:10:13.731] Seek(1313.99s) invoked.
[13:10:13.741] Seek(1286.50s) invoked.
[13:10:13.746] Seek(1259.01s) invoked.
[13:10:13.754] Seek(1231.52s) invoked.
[13:10:13.768] Seek(1204.03s) invoked.
[13:10:13.773] Seek(1174.71s) invoked.
[13:10:13.787] Seek(1119.73s) invoked.
[13:10:13.794] Seek(1088.58s) invoked.
[13:10:13.811] Seek(1059.26s) invoked.
[13:10:13.815] Seek(1028.10s) invoked.
[13:10:13.819] Seek(998.78s) invoked.
[13:10:13.826] Seek(967.62s) invoked.
[13:10:13.842] Seek(934.64s) invoked.
[13:10:13.854] Seek(866.83s) invoked.
[13:10:13.858] Seek(830.18s) invoked.
[13:10:13.867] Seek(795.36s) invoked.
[13:10:13.877] Seek(762.37s) invoked.
[13:10:13.884] Seek(729.38s) invoked.
[13:10:13.890] Seek(698.23s) invoked.
[13:10:13.901] Seek(668.91s) invoked.
[13:10:13.908] Seek(637.75s) invoked.
[13:10:13.914] Seek(610.26s) invoked.
[13:10:13.922] Seek(582.77s) invoked.
[13:10:13.930] Seek(555.28s) invoked.
[13:10:13.938] Seek(527.80s) invoked.
[13:10:13.950] Seek(503.97s) invoked.
[13:10:13.954] Seek(476.48s) invoked.
[13:10:13.962] Seek(452.66s) invoked.
[13:10:13.970] Seek(428.83s) invoked.
[13:10:13.978] Seek(406.84s) invoked.
[13:10:13.986] Seek(384.85s) invoked.
[13:10:13.995] Seek(366.52s) invoked.
[13:10:14.007] Seek(348.20s) invoked.
[13:10:14.010] Seek(329.87s) invoked.
[13:10:14.018] Seek(315.21s) invoked.
[13:10:14.026] Seek(298.72s) invoked.
[13:10:14.034] Seek(280.39s) invoked.
[13:10:14.046] Seek(265.73s) invoked.
[13:10:14.057] Seek(251.07s) invoked.
[13:10:14.060] Seek(234.58s) invoked.
[13:10:14.067] Seek(219.91s) invoked.
[13:10:14.075] Seek(207.09s) invoked.
[13:10:14.082] Seek(194.26s) invoked.
[13:10:14.085] Seek(194.26s) invoked.
[13:10:14.094] Seek(181.43s) invoked.
[13:10:14.098] Seek(166.77s) invoked.
[13:10:14.106] Seek(153.94s) invoked.
[13:10:14.114] Seek(139.28s) invoked.
[13:10:14.122] Seek(126.45s) invoked.
[13:10:14.130] Seek(113.62s) invoked.
[13:10:14.141] Seek(97.13s) invoked.
[13:10:14.148] Seek(84.30s) invoked.
[13:10:14.154] Seek(73.30s) invoked.
[13:10:14.162] Seek(60.48s) invoked.
[13:10:14.170] Seek(49.48s) invoked.
[13:10:14.178] Seek(40.32s) invoked.
[13:10:14.190] Seek(32.99s) invoked.
[13:10:14.194] Seek(25.66s) invoked.
[13:10:14.202] Seek(18.33s) invoked.
[13:10:14.210] Seek(11.00s) invoked.
[13:10:14.218] Seek(7.33s) invoked.
[13:10:14.226] Seek(0.00s) invoked.
[13:10:14.234] Seek(0.00s) invoked.
[13:10:14.246] Seek(0.00s) invoked.
[13:10:14.251] Seek(0.00s) invoked.
[13:10:14.258] Seek(0.00s) invoked.
[13:10:14.275] Read #4550: requested=3000, read=3000, maxSample=0.000000
[13:10:14.282] Seek(0.00s) invoked.
[13:10:14.284] Seek(0.00s) invoked.
[13:10:14.290] Seek(0.00s) invoked.
[13:10:15.982] Read #4600: requested=3000, read=3000, maxSample=0.150635
[13:10:17.682] Read #4650: requested=3000, read=3000, maxSample=0.097839
[13:10:19.382] Read #4700: requested=3000, read=3000, maxSample=0.057068
[13:10:21.082] Read #4750: requested=3000, read=3000, maxSample=0.167572
[13:10:22.782] Read #4800: requested=3000, read=3000, maxSample=0.071533
[13:10:24.482] Read #4850: requested=3000, read=3000, maxSample=0.000000
[13:10:26.182] Read #4900: requested=3000, read=3000, maxSample=0.000000
[13:10:27.882] Read #4950: requested=3000, read=3000, maxSample=0.000000
[13:10:29.283] MainWindow.PlaybackButton_Click: session.State=Playing, Pos=14.97, HasAudioTrack=True, EngineIsPlaying=True
[13:10:29.284] Pause() invoked. Current state=Playing
[13:10:29.292] _outputDevice.Pause() executed. New state=Paused
[13:10:33.339] Seek(122.79s) invoked.
[13:10:33.402] Seek(124.62s) invoked.
[13:10:33.410] Seek(126.45s) invoked.
[13:10:33.418] Seek(128.28s) invoked.
[13:10:33.434] Seek(131.95s) invoked.
[13:10:33.442] Seek(133.78s) invoked.
[13:10:33.452] Seek(135.61s) invoked.
[13:10:33.460] Seek(139.28s) invoked.
[13:10:33.474] Seek(141.11s) invoked.
[13:10:33.483] Seek(142.94s) invoked.
[13:10:33.498] Seek(144.78s) invoked.
[13:10:33.572] Seek(146.61s) invoked.
[13:10:33.634] Seek(148.44s) invoked.
[13:10:33.722] Seek(148.44s) invoked.
[13:10:33.730] Seek(146.61s) invoked.
[13:10:33.738] Seek(142.94s) invoked.
[13:10:33.746] Seek(141.11s) invoked.
[13:10:33.750] Seek(141.11s) invoked.
[13:10:33.754] Seek(135.61s) invoked.
[13:10:33.765] Seek(131.95s) invoked.
[13:10:33.770] Seek(126.45s) invoked.
[13:10:33.778] Seek(124.62s) invoked.
[13:10:33.786] Seek(119.12s) invoked.
[13:10:33.794] Seek(113.62s) invoked.
[13:10:33.802] Seek(108.12s) invoked.
[13:10:33.810] Seek(104.46s) invoked.
[13:10:33.823] Seek(98.96s) invoked.
[13:10:33.826] Seek(93.46s) invoked.
[13:10:33.834] Seek(87.97s) invoked.
[13:10:33.842] Seek(84.30s) invoked.
[13:10:33.850] Seek(80.64s) invoked.
[13:10:33.858] Seek(78.80s) invoked.
[13:10:33.869] Seek(75.14s) invoked.
[13:10:33.874] Seek(71.47s) invoked.
[13:10:33.890] Seek(69.64s) invoked.
[13:10:33.898] Seek(67.81s) invoked.
[13:10:33.938] Seek(65.97s) invoked.
[13:10:34.058] Seek(64.14s) invoked.
[13:10:34.090] Seek(62.31s) invoked.
[13:10:34.114] Seek(60.48s) invoked.
[13:10:34.249] Seek(60.48s) invoked.
[13:10:34.298] Seek(58.64s) invoked.
[13:10:34.362] Seek(58.64s) invoked.
[13:10:34.434] Seek(56.81s) invoked.
[13:10:34.498] Seek(54.98s) invoked.
[13:10:34.578] Seek(53.15s) invoked.
[13:10:34.742] Seek(53.15s) invoked.
[13:10:34.754] Seek(51.31s) invoked.
[13:10:34.802] Seek(49.48s) invoked.
[13:10:34.890] Seek(47.65s) invoked.
[13:10:34.930] Seek(45.82s) invoked.
[13:10:34.954] Seek(43.98s) invoked.
[13:10:35.026] Seek(42.15s) invoked.
[13:10:35.050] Seek(40.32s) invoked.
[13:10:35.186] Seek(38.49s) invoked.
[13:10:35.202] Seek(38.49s) invoked.
[13:10:35.239] Seek(38.49s) invoked.
[13:10:35.314] Seek(36.65s) invoked.
[13:10:35.458] Seek(34.82s) invoked.
[13:10:35.741] Seek(34.82s) invoked.
[13:10:36.698] MainWindow.PlaybackButton_Click: session.State=Paused, Pos=34.82, HasAudioTrack=True, EngineIsPlaying=False
[13:10:36.699] Seek(34.82s) invoked.
[13:10:36.700] Play() invoked. OutputDevice=Wave Mapper (System Default), PlaybackState=Paused, Volume=1, IsMuted=False
[13:10:36.701] _outputDevice.Play() executed. New state=Playing
[13:10:36.998] Read #5000: requested=3000, read=3000, maxSample=0.257446
[13:10:38.698] Read #5050: requested=3000, read=3000, maxSample=0.174805
[13:10:40.398] Read #5100: requested=3000, read=3000, maxSample=0.161591
[13:10:42.098] Read #5150: requested=3000, read=3000, maxSample=0.197083
[13:10:43.798] Read #5200: requested=3000, read=3000, maxSample=0.168304
[13:10:45.498] Read #5250: requested=3000, read=3000, maxSample=0.104828
[13:10:47.198] Read #5300: requested=3000, read=3000, maxSample=0.271210
[13:10:48.898] Read #5350: requested=3000, read=3000, maxSample=0.060272
[13:10:50.599] Read #5400: requested=3000, read=3000, maxSample=0.177216
[13:10:52.298] Read #5450: requested=3000, read=3000, maxSample=0.159698
[13:10:53.998] Read #5500: requested=3000, read=3000, maxSample=0.244904
[13:10:55.698] Read #5550: requested=3000, read=3000, maxSample=0.167175
[13:10:57.398] Read #5600: requested=3000, read=3000, maxSample=0.082520
[13:10:59.099] Read #5650: requested=3000, read=3000, maxSample=0.291382
[13:11:00.798] Read #5700: requested=3000, read=3000, maxSample=0.206024
[13:11:02.508] Read #5750: requested=3000, read=3000, maxSample=0.101776
[13:11:04.208] Read #5800: requested=3000, read=3000, maxSample=0.114319
[13:11:05.908] Read #5850: requested=3000, read=3000, maxSample=0.151306
[13:11:07.608] Read #5900: requested=3000, read=3000, maxSample=0.186981
[13:11:09.308] Read #5950: requested=3000, read=3000, maxSample=0.193542
[13:11:11.008] Read #6000: requested=3000, read=3000, maxSample=0.175476
[13:11:11.684] Pause() invoked. Current state=Playing
[13:11:11.688] _outputDevice.Pause() executed. New state=Paused
[13:11:11.688] Seek(69.64s) invoked.
[13:12:19.483] SetVolume(0.99, isMuted=False) -> VolumeProvider.Volume=0.98999995
[13:12:19.570] SetVolume(0.97, isMuted=False) -> VolumeProvider.Volume=0.96999997
[13:12:19.586] SetVolume(0.96, isMuted=False) -> VolumeProvider.Volume=0.96
[13:12:19.594] SetVolume(0.94, isMuted=False) -> VolumeProvider.Volume=0.94
[13:12:19.602] SetVolume(0.93, isMuted=False) -> VolumeProvider.Volume=0.93
[13:12:19.610] SetVolume(0.90, isMuted=False) -> VolumeProvider.Volume=0.9
[13:12:19.618] SetVolume(0.87, isMuted=False) -> VolumeProvider.Volume=0.87
[13:12:19.626] SetVolume(0.84, isMuted=False) -> VolumeProvider.Volume=0.84
[13:12:19.634] SetVolume(0.81, isMuted=False) -> VolumeProvider.Volume=0.81
[13:12:19.642] SetVolume(0.78, isMuted=False) -> VolumeProvider.Volume=0.78
[13:12:19.650] SetVolume(0.73, isMuted=False) -> VolumeProvider.Volume=0.72999996
[13:12:19.658] SetVolume(0.70, isMuted=False) -> VolumeProvider.Volume=0.7
[13:12:19.666] SetVolume(0.67, isMuted=False) -> VolumeProvider.Volume=0.66999996
[13:12:19.674] SetVolume(0.64, isMuted=False) -> VolumeProvider.Volume=0.64
[13:12:19.683] SetVolume(0.61, isMuted=False) -> VolumeProvider.Volume=0.61
[13:12:19.690] SetVolume(0.60, isMuted=False) -> VolumeProvider.Volume=0.59999996
[13:12:19.698] SetVolume(0.57, isMuted=False) -> VolumeProvider.Volume=0.57
[13:12:19.706] SetVolume(0.54, isMuted=False) -> VolumeProvider.Volume=0.53999996
[13:12:19.714] SetVolume(0.51, isMuted=False) -> VolumeProvider.Volume=0.51
[13:12:19.722] SetVolume(0.48, isMuted=False) -> VolumeProvider.Volume=0.48
[13:12:19.730] SetVolume(0.45, isMuted=False) -> VolumeProvider.Volume=0.45
[13:12:19.738] SetVolume(0.43, isMuted=False) -> VolumeProvider.Volume=0.42999998
[13:12:19.746] SetVolume(0.40, isMuted=False) -> VolumeProvider.Volume=0.39999998
[13:12:19.754] SetVolume(0.39, isMuted=False) -> VolumeProvider.Volume=0.39
[13:12:19.770] SetVolume(0.37, isMuted=False) -> VolumeProvider.Volume=0.37
[13:12:19.786] SetVolume(0.36, isMuted=False) -> VolumeProvider.Volume=0.35999998
[13:12:19.914] SetVolume(0.34, isMuted=False) -> VolumeProvider.Volume=0.34
[13:12:19.922] SetVolume(0.33, isMuted=False) -> VolumeProvider.Volume=0.32999998
[13:12:19.930] SetVolume(0.31, isMuted=False) -> VolumeProvider.Volume=0.31
[13:12:20.010] SetVolume(0.33, isMuted=False) -> VolumeProvider.Volume=0.32999998
[13:12:20.018] SetVolume(0.34, isMuted=False) -> VolumeProvider.Volume=0.34
[13:12:20.034] SetVolume(0.37, isMuted=False) -> VolumeProvider.Volume=0.37
[13:12:20.042] SetVolume(0.39, isMuted=False) -> VolumeProvider.Volume=0.39
[13:12:20.058] SetVolume(0.40, isMuted=False) -> VolumeProvider.Volume=0.39999998
[13:12:20.066] SetVolume(0.42, isMuted=False) -> VolumeProvider.Volume=0.42
[13:12:20.082] SetVolume(0.43, isMuted=False) -> VolumeProvider.Volume=0.42999998
[13:12:20.090] SetVolume(0.46, isMuted=False) -> VolumeProvider.Volume=0.45999998
[13:12:20.098] SetVolume(0.48, isMuted=False) -> VolumeProvider.Volume=0.48
[13:12:20.106] SetVolume(0.52, isMuted=False) -> VolumeProvider.Volume=0.52
[13:12:20.114] SetVolume(0.58, isMuted=False) -> VolumeProvider.Volume=0.58
[13:12:20.122] SetVolume(0.66, isMuted=False) -> VolumeProvider.Volume=0.65999997
[13:12:20.130] SetVolume(0.75, isMuted=False) -> VolumeProvider.Volume=0.75
[13:12:20.138] SetVolume(0.90, isMuted=False) -> VolumeProvider.Volume=0.9
[13:12:20.146] SetVolume(1.00, isMuted=False) -> VolumeProvider.Volume=1
[13:22:02.725] Load() started for: C:\Users\sayan\Downloads\Naam Reh Jayegaa - Watch FULL Episode 6 - Arijit's Perfect tribute to Lata Mangeshkar.mp4
[13:22:02.791] _reader created: SampleRate=44100, Ch=2, TotalTime=00:43:31.4859977
[13:22:02.888] WaveOutEvent initialized successfully: Wave Mapper (System Default), PlaybackState=Stopped
[13:22:02.889] Load() finished successfully. HasAudioTrack=True
[13:22:02.892] SetVolume(1.00, isMuted=False) -> VolumeProvider.Volume=1
[13:22:02.892] MainWindow.LoadFileAsync: HasAudioTrack=True, Device=Wave Mapper (System Default), _userMuted=False
[13:22:02.896] SetVolume(1.00, isMuted=False) -> VolumeProvider.Volume=1
[13:22:02.897] SetVolume(1.00, isMuted=False) -> VolumeProvider.Volume=1
[13:22:07.860] SetVolume(1.00, isMuted=False) -> VolumeProvider.Volume=1
[13:22:10.511] Load() started for: C:\Users\sayan\Downloads\25650b8e8e404a31991078e7cbf1f951.mp4
[13:22:10.522] _reader created: SampleRate=48000, Ch=2, TotalTime=00:00:10.0050000
[13:22:10.547] WaveOutEvent initialized successfully: Wave Mapper (System Default), PlaybackState=Stopped
[13:22:10.547] Load() finished successfully. HasAudioTrack=True
[13:22:10.548] SetVolume(1.00, isMuted=False) -> VolumeProvider.Volume=1
[13:22:10.548] MainWindow.LoadFileAsync: HasAudioTrack=True, Device=Wave Mapper (System Default), _userMuted=False
[13:22:10.549] SetVolume(1.00, isMuted=False) -> VolumeProvider.Volume=1
[13:22:10.549] SetVolume(1.00, isMuted=False) -> VolumeProvider.Volume=1
[13:22:10.731] SetVolume(1.00, isMuted=False) -> VolumeProvider.Volume=1
[13:22:12.556] Seek(0.27s) invoked.
[13:22:12.658] Seek(0.28s) invoked.
[13:22:12.674] Seek(0.29s) invoked.
[13:22:12.698] Seek(0.29s) invoked.
[13:22:12.706] Seek(0.30s) invoked.
[13:22:12.722] Seek(0.31s) invoked.
[13:22:12.731] Seek(0.31s) invoked.
[13:22:12.738] Seek(0.32s) invoked.
[13:22:12.751] Seek(0.33s) invoked.
[13:22:12.754] Seek(0.34s) invoked.
[13:22:12.762] Seek(0.34s) invoked.
[13:22:12.770] Seek(0.35s) invoked.
[13:22:12.778] Seek(0.36s) invoked.
[13:22:12.786] Seek(0.36s) invoked.
[13:22:12.794] Seek(0.37s) invoked.
[13:22:12.802] Seek(0.38s) invoked.
[13:22:12.818] Seek(0.39s) invoked.
[13:22:12.826] Seek(0.39s) invoked.
[13:22:12.842] Seek(0.40s) invoked.
[13:22:12.850] Seek(0.41s) invoked.
[13:22:12.858] Seek(0.42s) invoked.
[13:22:12.874] Seek(0.42s) invoked.
[13:22:12.890] Seek(0.43s) invoked.
[13:22:12.906] Seek(0.44s) invoked.
[13:22:12.914] Seek(0.44s) invoked.
[13:22:12.922] Seek(0.45s) invoked.
[13:22:12.932] Seek(0.45s) invoked.
[13:22:12.934] Seek(0.46s) invoked.
[13:22:12.938] Seek(0.47s) invoked.
[13:22:12.948] Seek(0.48s) invoked.
[13:22:12.954] Seek(0.50s) invoked.
[13:22:12.962] Seek(0.52s) invoked.
[13:22:12.970] Seek(0.54s) invoked.
[13:22:12.978] Seek(0.56s) invoked.
[13:22:12.986] Seek(0.58s) invoked.
[13:22:12.994] Seek(0.60s) invoked.
[13:22:13.002] Seek(0.62s) invoked.
[13:22:13.010] Seek(0.64s) invoked.
[13:22:13.018] Seek(0.64s) invoked.
[13:22:13.026] Seek(0.66s) invoked.
[13:22:13.034] Seek(0.67s) invoked.
[13:22:13.042] Seek(0.67s) invoked.
[13:22:13.050] Seek(0.68s) invoked.
[13:22:13.058] Seek(0.69s) invoked.
[13:22:13.066] Seek(0.69s) invoked.
[13:22:13.074] Seek(0.71s) invoked.
[13:22:13.082] Seek(0.73s) invoked.
[13:22:13.090] Seek(0.74s) invoked.
[13:22:13.099] Seek(0.77s) invoked.
[13:22:13.106] Seek(0.80s) invoked.
[13:22:13.114] Seek(0.84s) invoked.
[13:22:13.122] Seek(0.88s) invoked.
[13:22:13.130] Seek(0.94s) invoked.
[13:22:13.138] Seek(1.00s) invoked.
[13:22:13.147] Seek(1.07s) invoked.
[13:22:13.154] Seek(1.12s) invoked.
[13:22:13.162] Seek(1.19s) invoked.
[13:22:13.170] Seek(1.26s) invoked.
[13:22:13.178] Seek(1.33s) invoked.
[13:22:13.186] Seek(1.41s) invoked.
[13:22:13.194] Seek(1.50s) invoked.
[13:22:13.202] Seek(1.59s) invoked.
[13:22:13.210] Seek(1.69s) invoked.
[13:22:13.218] Seek(1.80s) invoked.
[13:22:13.226] Seek(1.89s) invoked.
[13:22:13.234] Seek(2.00s) invoked.
[13:22:13.242] Seek(2.09s) invoked.
[13:22:13.250] Seek(2.18s) invoked.
[13:22:13.258] Seek(2.28s) invoked.
[13:22:13.266] Seek(2.36s) invoked.
[13:22:13.274] Seek(2.43s) invoked.
[13:22:13.282] Seek(2.50s) invoked.
[13:22:13.290] Seek(2.58s) invoked.
[13:22:13.298] Seek(2.64s) invoked.
[13:22:13.306] Seek(2.69s) invoked.
[13:22:13.314] Seek(2.73s) invoked.
[13:22:13.322] Seek(2.76s) invoked.
[13:22:13.331] Seek(2.79s) invoked.
[13:22:13.338] Seek(2.81s) invoked.
[13:22:13.347] Seek(2.83s) invoked.
[13:22:13.354] Seek(2.84s) invoked.
[13:22:13.370] Seek(2.85s) invoked.
[13:22:13.378] Seek(2.86s) invoked.
[13:22:13.394] Seek(2.86s) invoked.
[13:22:13.402] Seek(2.87s) invoked.
[13:22:13.410] Seek(2.88s) invoked.
[13:22:13.418] Seek(2.88s) invoked.
[13:22:13.426] Seek(2.89s) invoked.
[13:22:13.431] Seek(2.89s) invoked.
[13:22:13.434] Seek(2.90s) invoked.
[13:22:13.442] Seek(2.91s) invoked.
[13:22:13.450] Seek(2.92s) invoked.
[13:22:13.458] Seek(2.93s) invoked.
[13:22:13.466] Seek(2.94s) invoked.
[13:22:13.474] Seek(2.95s) invoked.
[13:22:13.482] Seek(2.96s) invoked.
[13:22:13.490] Seek(2.97s) invoked.
[13:22:13.506] Seek(2.98s) invoked.
[13:22:13.514] Seek(2.98s) invoked.
[13:22:13.522] Seek(2.99s) invoked.
[13:22:13.538] Seek(3.00s) invoked.
[13:22:13.547] Seek(3.01s) invoked.
[13:22:13.586] Seek(3.01s) invoked.
[13:22:13.602] Seek(3.02s) invoked.
[13:22:13.618] Seek(3.03s) invoked.
[13:22:13.634] Seek(3.03s) invoked.
[13:22:13.658] Seek(3.04s) invoked.
[13:22:13.762] Seek(3.05s) invoked.
[13:22:13.786] Seek(3.06s) invoked.
[13:22:13.810] Seek(3.06s) invoked.
[13:22:13.826] Seek(3.07s) invoked.
[13:22:13.834] Seek(3.08s) invoked.
[13:22:13.841] Seek(3.08s) invoked.
[13:22:13.850] Seek(3.10s) invoked.
[13:22:13.858] Seek(3.11s) invoked.
[13:22:13.866] Seek(3.14s) invoked.
[13:22:13.874] Seek(3.18s) invoked.
[13:22:13.882] Seek(3.23s) invoked.
[13:22:13.890] Seek(3.29s) invoked.
[13:22:13.898] Seek(3.36s) invoked.
[13:22:13.906] Seek(3.44s) invoked.
[13:22:13.914] Seek(3.51s) invoked.
[13:22:13.922] Seek(3.59s) invoked.
[13:22:13.930] Seek(3.59s) invoked.
[13:22:13.932] Seek(3.67s) invoked.
[13:22:13.938] Seek(3.76s) invoked.
[13:22:13.947] Seek(3.86s) invoked.
[13:22:13.954] Seek(3.97s) invoked.
[13:22:13.962] Seek(4.06s) invoked.
[13:22:13.970] Seek(4.17s) invoked.
[13:22:13.978] Seek(4.26s) invoked.
[13:22:13.986] Seek(4.35s) invoked.
[13:22:13.994] Seek(4.44s) invoked.
[13:22:14.002] Seek(4.55s) invoked.
[13:22:14.010] Seek(4.65s) invoked.
[13:22:14.018] Seek(4.74s) invoked.
[13:22:14.026] Seek(4.84s) invoked.
[13:22:14.034] Seek(4.93s) invoked.
[13:22:14.042] Seek(5.02s) invoked.
[13:22:14.050] Seek(5.09s) invoked.
[13:22:14.058] Seek(5.16s) invoked.
[13:22:14.066] Seek(5.23s) invoked.
[13:22:14.074] Seek(5.31s) invoked.
[13:22:14.082] Seek(5.37s) invoked.
[13:22:14.090] Seek(5.42s) invoked.
[13:22:14.098] Seek(5.47s) invoked.
[13:22:14.106] Seek(5.50s) invoked.
[13:22:14.119] Seek(5.54s) invoked.
[13:22:14.122] Seek(5.57s) invoked.
[13:22:14.131] Seek(5.59s) invoked.
[13:22:14.138] Seek(5.61s) invoked.
[13:22:14.147] Seek(5.64s) invoked.
[13:22:14.154] Seek(5.65s) invoked.
[13:22:14.162] Seek(5.68s) invoked.
[13:22:14.170] Seek(5.71s) invoked.
[13:22:14.178] Seek(5.74s) invoked.
[13:22:14.186] Seek(5.78s) invoked.
[13:22:14.194] Seek(5.81s) invoked.
[13:22:14.202] Seek(5.85s) invoked.
[13:22:14.210] Seek(5.90s) invoked.
[13:22:14.218] Seek(5.94s) invoked.
[13:22:14.226] Seek(5.98s) invoked.
[13:22:14.234] Seek(6.02s) invoked.
[13:22:14.242] Seek(6.05s) invoked.
[13:22:14.250] Seek(6.10s) invoked.
[13:22:14.258] Seek(6.13s) invoked.
[13:22:14.266] Seek(6.17s) invoked.
[13:22:14.274] Seek(6.20s) invoked.
[13:22:14.282] Seek(6.23s) invoked.
[13:22:14.290] Seek(6.25s) invoked.
[13:22:14.298] Seek(6.27s) invoked.
[13:22:14.306] Seek(6.29s) invoked.
[13:22:14.314] Seek(6.31s) invoked.
[13:22:14.322] Seek(6.33s) invoked.
[13:22:14.331] Seek(6.34s) invoked.
[13:22:14.338] Seek(6.36s) invoked.
[13:22:14.347] Seek(6.36s) invoked.
[13:22:14.354] Seek(6.37s) invoked.
[13:22:14.362] Seek(6.38s) invoked.
[13:22:14.378] Seek(6.38s) invoked.
[13:22:14.386] Seek(6.39s) invoked.
[13:22:14.394] Seek(6.40s) invoked.
[13:22:14.410] Seek(6.41s) invoked.
[13:22:14.418] Seek(6.41s) invoked.
[13:22:14.426] Seek(6.43s) invoked.
[13:22:14.431] Seek(6.43s) invoked.
[13:22:14.434] Seek(6.44s) invoked.
[13:22:14.442] Seek(6.45s) invoked.
[13:22:14.450] Seek(6.47s) invoked.
[13:22:14.458] Seek(6.49s) invoked.
[13:22:14.466] Seek(6.50s) invoked.
[13:22:14.474] Seek(6.52s) invoked.
[13:22:14.482] Seek(6.54s) invoked.
[13:22:14.491] Seek(6.55s) invoked.
[13:22:14.498] Seek(6.57s) invoked.
[13:22:14.506] Seek(6.59s) invoked.
[13:22:14.514] Seek(6.61s) invoked.
[13:22:14.522] Seek(6.62s) invoked.
[13:22:14.533] Seek(6.63s) invoked.
[13:22:14.538] Seek(6.66s) invoked.
[13:22:14.548] Seek(6.68s) invoked.
[13:22:14.554] Seek(6.70s) invoked.
[13:22:14.562] Seek(6.71s) invoked.
[13:22:14.570] Seek(6.73s) invoked.
[13:22:14.578] Seek(6.76s) invoked.
[13:22:14.586] Seek(6.76s) invoked.
[13:22:14.594] Seek(6.78s) invoked.
[13:22:14.602] Seek(6.79s) invoked.
[13:22:14.610] Seek(6.81s) invoked.
[13:22:14.618] Seek(6.83s) invoked.
[13:22:14.626] Seek(6.85s) invoked.
[13:22:14.634] Seek(6.88s) invoked.
[13:22:14.642] Seek(6.90s) invoked.
[13:22:14.650] Seek(6.92s) invoked.
[13:22:14.658] Seek(6.94s) invoked.
[13:22:14.666] Seek(6.96s) invoked.
[13:22:14.674] Seek(6.98s) invoked.
[13:22:14.682] Seek(7.00s) invoked.
[13:22:14.690] Seek(7.01s) invoked.
[13:22:14.698] Seek(7.03s) invoked.
[13:22:14.706] Seek(7.04s) invoked.
[13:22:14.714] Seek(7.06s) invoked.
[13:22:14.722] Seek(7.08s) invoked.
[13:22:14.731] Seek(7.09s) invoked.
[13:22:14.738] Seek(7.11s) invoked.
[13:22:14.746] Seek(7.12s) invoked.
[13:22:14.754] Seek(7.13s) invoked.
[13:22:14.762] Seek(7.14s) invoked.
[13:22:14.770] Seek(7.15s) invoked.
[13:22:14.778] Seek(7.16s) invoked.
[13:22:14.786] Seek(7.17s) invoked.
[13:22:14.794] Seek(7.18s) invoked.
[13:22:14.802] Seek(7.19s) invoked.
[13:22:14.810] Seek(7.19s) invoked.
[13:22:14.818] Seek(7.20s) invoked.
[13:22:14.826] Seek(7.21s) invoked.
[13:22:14.842] Seek(7.23s) invoked.
[13:22:14.850] Seek(7.24s) invoked.
[13:22:14.858] Seek(7.25s) invoked.
[13:22:14.866] Seek(7.26s) invoked.
[13:22:14.882] Seek(7.28s) invoked.
[13:22:14.890] Seek(7.29s) invoked.
[13:22:14.898] Seek(7.30s) invoked.
[13:22:14.906] Seek(7.31s) invoked.
[13:22:14.915] Seek(7.31s) invoked.
[13:22:14.922] Seek(7.32s) invoked.
[13:22:14.931] Seek(7.32s) invoked.
[13:22:14.932] Seek(7.33s) invoked.
[13:22:14.947] Seek(7.34s) invoked.
[13:22:14.954] Seek(7.34s) invoked.
[13:22:14.962] Seek(7.35s) invoked.
[13:22:14.978] Seek(7.36s) invoked.
[13:22:14.994] Seek(7.36s) invoked.
[13:22:15.010] Seek(7.37s) invoked.
[13:22:15.018] Seek(7.38s) invoked.
[13:22:15.034] Seek(7.39s) invoked.
[13:22:15.050] Seek(7.39s) invoked.
[13:22:15.066] Seek(7.40s) invoked.
[13:22:15.138] Seek(7.41s) invoked.
[13:22:15.234] Seek(7.41s) invoked.
[13:22:15.282] Seek(7.42s) invoked.
[13:22:15.430] Seek(7.42s) invoked.
[13:22:15.435] Seek(7.43s) invoked.
[13:22:15.602] Seek(7.44s) invoked.
[13:22:15.650] Seek(7.44s) invoked.
[13:22:15.666] Seek(7.45s) invoked.
[13:22:15.682] Seek(7.46s) invoked.
[13:22:15.690] Seek(7.46s) invoked.
[13:22:15.698] Seek(7.47s) invoked.
[13:22:15.706] Seek(7.48s) invoked.
[13:22:15.714] Seek(7.49s) invoked.
[13:22:15.722] Seek(7.51s) invoked.
[13:22:15.730] Seek(7.53s) invoked.
[13:22:15.738] Seek(7.56s) invoked.
[13:22:15.747] Seek(7.59s) invoked.
[13:22:15.754] Seek(7.61s) invoked.
[13:22:15.762] Seek(7.64s) invoked.
[13:22:15.770] Seek(7.67s) invoked.
[13:22:15.778] Seek(7.72s) invoked.
[13:22:15.785] Seek(7.77s) invoked.
[13:22:15.793] Seek(7.82s) invoked.
[13:22:15.802] Seek(7.87s) invoked.
[13:22:15.810] Seek(7.91s) invoked.
[13:22:15.818] Seek(7.95s) invoked.
[13:22:15.826] Seek(7.99s) invoked.
[13:22:15.834] Seek(8.03s) invoked.
[13:22:15.842] Seek(8.05s) invoked.
[13:22:15.850] Seek(8.08s) invoked.
[13:22:15.857] Seek(8.11s) invoked.
[13:22:15.866] Seek(8.14s) invoked.
[13:22:15.874] Seek(8.15s) invoked.
[13:22:15.882] Seek(8.17s) invoked.
[13:22:15.890] Seek(8.19s) invoked.
[13:22:15.898] Seek(8.21s) invoked.
[13:22:15.906] Seek(8.23s) invoked.
[13:22:15.914] Seek(8.25s) invoked.
[13:22:15.922] Seek(8.26s) invoked.
[13:22:15.931] Seek(8.27s) invoked.
[13:22:15.938] Seek(8.29s) invoked.
[13:22:15.947] Seek(8.29s) invoked.
[13:22:15.954] Seek(8.30s) invoked.
[13:22:15.962] Seek(8.31s) invoked.
[13:22:15.970] Seek(8.32s) invoked.
[13:22:15.978] Seek(8.32s) invoked.
[13:22:15.986] Seek(8.33s) invoked.
[13:22:15.994] Seek(8.34s) invoked.
[13:22:16.002] Seek(8.34s) invoked.
[13:22:16.010] Seek(8.35s) invoked.
[13:22:16.026] Seek(8.36s) invoked.
[13:22:16.034] Seek(8.37s) invoked.
[13:22:16.042] Seek(8.37s) invoked.
[13:22:16.066] Seek(8.38s) invoked.
[13:22:16.090] Seek(8.39s) invoked.
[13:22:16.122] Seek(8.39s) invoked.
[13:22:16.130] Seek(8.40s) invoked.
[13:22:16.147] Seek(8.41s) invoked.
[13:22:16.170] Seek(8.42s) invoked.
[13:22:16.186] Seek(8.42s) invoked.
[13:22:16.202] Seek(8.43s) invoked.
[13:22:16.218] Seek(8.44s) invoked.
[13:22:16.242] Seek(8.44s) invoked.
[13:22:16.266] Seek(8.45s) invoked.
[13:22:16.274] Seek(8.45s) invoked.
[13:22:16.282] Seek(8.46s) invoked.
[13:22:16.354] Seek(8.47s) invoked.
[13:22:16.386] Seek(8.47s) invoked.
[13:22:16.427] Seek(8.47s) invoked.
[13:22:16.458] Seek(8.48s) invoked.
[13:22:16.474] Seek(8.49s) invoked.
[13:22:16.482] Seek(8.49s) invoked.
[13:22:16.514] Seek(8.50s) invoked.
[13:22:16.522] Seek(8.51s) invoked.
[13:22:16.546] Seek(8.52s) invoked.
[13:22:16.554] Seek(8.52s) invoked.
[13:22:16.562] Seek(8.53s) invoked.
[13:22:16.578] Seek(8.54s) invoked.
[13:22:16.586] Seek(8.55s) invoked.
[13:22:16.602] Seek(8.55s) invoked.
[13:22:16.610] Seek(8.56s) invoked.
[13:22:16.618] Seek(8.57s) invoked.
[13:22:16.626] Seek(8.57s) invoked.
[13:22:16.634] Seek(8.59s) invoked.
[13:22:16.642] Seek(8.60s) invoked.
[13:22:16.651] Seek(8.61s) invoked.
[13:22:16.658] Seek(8.62s) invoked.
[13:22:16.666] Seek(8.63s) invoked.
[13:22:16.674] Seek(8.65s) invoked.
[13:22:16.682] Seek(8.66s) invoked.
[13:22:16.690] Seek(8.68s) invoked.
[13:22:16.698] Seek(8.70s) invoked.
[13:22:16.706] Seek(8.71s) invoked.
[13:22:16.714] Seek(8.72s) invoked.
[13:22:16.722] Seek(8.75s) invoked.
[13:22:16.732] Seek(8.75s) invoked.
[13:22:16.738] Seek(8.77s) invoked.
[13:22:16.748] Seek(8.78s) invoked.
[13:22:16.754] Seek(8.79s) invoked.
[13:22:16.762] Seek(8.80s) invoked.
[13:22:16.770] Seek(8.81s) invoked.
[13:22:16.778] Seek(8.82s) invoked.
[13:22:16.786] Seek(8.85s) invoked.
[13:22:16.794] Seek(8.85s) invoked.
[13:22:16.803] Seek(8.87s) invoked.
[13:22:16.810] Seek(8.88s) invoked.
[13:22:16.818] Seek(8.90s) invoked.
[13:22:16.826] Seek(8.91s) invoked.
[13:22:16.834] Seek(8.92s) invoked.
[13:22:16.842] Seek(8.94s) invoked.
[13:22:16.850] Seek(8.95s) invoked.
[13:22:16.857] Seek(8.96s) invoked.
[13:22:16.866] Seek(8.97s) invoked.
[13:22:16.874] Seek(8.98s) invoked.
[13:22:16.882] Seek(9.00s) invoked.
[13:22:16.890] Seek(9.01s) invoked.
[13:22:16.898] Seek(9.02s) invoked.
[13:22:16.906] Seek(9.03s) invoked.
[13:22:16.914] Seek(9.04s) invoked.
[13:22:16.922] Seek(9.05s) invoked.
[13:22:16.930] Seek(9.05s) invoked.
[13:22:16.932] Seek(9.07s) invoked.
[13:22:16.938] Seek(9.07s) invoked.
[13:22:16.947] Seek(9.09s) invoked.
[13:22:16.962] Seek(9.10s) invoked.
[13:22:16.970] Seek(9.10s) invoked.
[13:22:16.978] Seek(9.11s) invoked.
[13:22:16.986] Seek(9.12s) invoked.
[13:22:16.993] Seek(9.12s) invoked.
[13:22:17.002] Seek(9.13s) invoked.
[13:22:17.010] Seek(9.15s) invoked.
[13:22:17.018] Seek(9.16s) invoked.
[13:22:17.026] Seek(9.17s) invoked.
[13:22:17.034] Seek(9.17s) invoked.
[13:22:17.042] Seek(9.18s) invoked.
[13:22:17.050] Seek(9.20s) invoked.
[13:22:17.058] Seek(9.21s) invoked.
[13:22:17.066] Seek(9.22s) invoked.
[13:22:17.074] Seek(9.23s) invoked.
[13:22:17.082] Seek(9.25s) invoked.
[13:22:17.098] Seek(9.26s) invoked.
[13:22:17.106] Seek(9.27s) invoked.
[13:22:17.114] Seek(9.28s) invoked.
[13:22:17.122] Seek(9.28s) invoked.
[13:22:17.130] Seek(9.29s) invoked.
[13:22:17.138] Seek(9.30s) invoked.
[13:22:17.147] Seek(9.31s) invoked.
[13:22:17.162] Seek(9.32s) invoked.
[13:22:17.170] Seek(9.33s) invoked.
[13:22:17.178] Seek(9.34s) invoked.
[13:22:17.186] Seek(9.35s) invoked.
[13:22:17.194] Seek(9.35s) invoked.
[13:22:17.202] Seek(9.37s) invoked.
[13:22:17.210] Seek(9.38s) invoked.
[13:22:17.226] Seek(9.38s) invoked.
[13:22:17.234] Seek(9.39s) invoked.
[13:22:17.250] Seek(9.40s) invoked.
[13:22:17.258] Seek(9.40s) invoked.
[13:22:17.266] Seek(9.41s) invoked.
[13:22:17.290] Seek(9.42s) invoked.
[13:22:17.306] Seek(9.43s) invoked.
[13:22:17.338] Seek(9.43s) invoked.
[13:22:17.354] Seek(9.44s) invoked.
[13:22:17.370] Seek(9.45s) invoked.
[13:22:17.394] Seek(9.45s) invoked.
[13:22:17.410] Seek(9.46s) invoked.
[13:22:17.429] Seek(9.46s) invoked.
[13:22:17.442] Seek(9.47s) invoked.
[13:22:17.450] Seek(9.48s) invoked.
[13:22:17.466] Seek(9.48s) invoked.
[13:22:17.490] Seek(9.49s) invoked.
[13:22:17.506] Seek(9.50s) invoked.
[13:22:17.778] Seek(9.47s) invoked.
[13:22:17.786] Seek(9.43s) invoked.
[13:22:17.794] Seek(9.37s) invoked.
[13:22:17.802] Seek(9.28s) invoked.
[13:22:17.810] Seek(9.18s) invoked.
[13:22:17.818] Seek(9.05s) invoked.
[13:22:17.826] Seek(8.89s) invoked.
[13:22:17.834] Seek(8.72s) invoked.
[13:22:17.842] Seek(8.52s) invoked.
[13:22:17.850] Seek(8.32s) invoked.
[13:22:17.858] Seek(8.09s) invoked.
[13:22:17.866] Seek(7.89s) invoked.
[13:22:17.874] Seek(7.71s) invoked.
[13:22:17.882] Seek(7.56s) invoked.
[13:22:17.890] Seek(7.44s) invoked.
[13:22:17.898] Seek(7.31s) invoked.
[13:22:17.906] Seek(7.21s) invoked.
[13:22:17.914] Seek(7.11s) invoked.
[13:22:17.922] Seek(7.03s) invoked.
[13:22:17.930] Seek(7.03s) invoked.
[13:22:17.936] Seek(6.95s) invoked.
[13:22:17.938] Seek(6.86s) invoked.
[13:22:17.947] Seek(6.79s) invoked.
[13:22:17.954] Seek(6.72s) invoked.
[13:22:17.962] Seek(6.65s) invoked.
[13:22:17.970] Seek(6.59s) invoked.
[13:22:17.978] Seek(6.53s) invoked.
[13:22:17.986] Seek(6.48s) invoked.
[13:22:17.994] Seek(6.43s) invoked.
[13:22:18.002] Seek(6.40s) invoked.
[13:22:18.010] Seek(6.37s) invoked.
[13:22:18.018] Seek(6.35s) invoked.
[13:22:18.026] Seek(6.33s) invoked.
[13:22:18.034] Seek(6.33s) invoked.
[13:22:18.042] Seek(6.31s) invoked.
[13:22:18.050] Seek(6.30s) invoked.
[13:22:18.058] Seek(6.28s) invoked.
[13:22:18.066] Seek(6.26s) invoked.
[13:22:18.074] Seek(6.25s) invoked.
[13:22:18.082] Seek(6.23s) invoked.
[13:22:18.090] Seek(6.21s) invoked.
[13:22:18.098] Seek(6.20s) invoked.
[13:22:18.106] Seek(6.19s) invoked.
[13:22:18.114] Seek(6.18s) invoked.
[13:22:18.122] Seek(6.18s) invoked.
[13:22:18.138] Seek(6.17s) invoked.
[13:22:18.170] Seek(6.16s) invoked.
[13:22:18.427] Seek(6.16s) invoked.
[13:22:18.938] Seek(6.16s) invoked.
[13:22:19.090] Seek(6.15s) invoked.
[13:22:19.098] Seek(6.15s) invoked.
[13:22:19.114] Seek(6.14s) invoked.
[13:22:19.122] Seek(6.13s) invoked.
[13:22:19.138] Seek(6.13s) invoked.
[13:22:19.147] Seek(6.12s) invoked.
[13:22:19.154] Seek(6.11s) invoked.
[13:22:19.178] Seek(6.10s) invoked.
[13:22:19.186] Seek(6.09s) invoked.
[13:22:19.194] Seek(6.08s) invoked.
[13:22:19.202] Seek(6.05s) invoked.
[13:22:19.210] Seek(6.03s) invoked.
[13:22:19.218] Seek(6.00s) invoked.
[13:22:19.226] Seek(5.97s) invoked.
[13:22:19.234] Seek(5.93s) invoked.
[13:22:19.242] Seek(5.90s) invoked.
[13:22:19.250] Seek(5.86s) invoked.
[13:22:19.258] Seek(5.84s) invoked.
[13:22:19.266] Seek(5.81s) invoked.
[13:22:19.274] Seek(5.79s) invoked.
[13:22:19.282] Seek(5.78s) invoked.
[13:22:19.290] Seek(5.77s) invoked.
[13:22:19.298] Seek(5.76s) invoked.
[13:22:19.306] Seek(5.75s) invoked.
[13:22:19.314] Seek(5.75s) invoked.
[13:22:19.322] Seek(5.74s) invoked.
[13:22:19.378] Seek(5.73s) invoked.
[13:22:19.439] Seek(5.73s) invoked.
[13:22:19.498] Seek(5.73s) invoked.
[13:22:19.554] Seek(5.72s) invoked.
[13:22:19.570] Seek(5.71s) invoked.
[13:22:19.594] Seek(5.70s) invoked.
[13:22:19.610] Seek(5.70s) invoked.
[13:22:19.618] Seek(5.69s) invoked.
[13:22:19.634] Seek(5.68s) invoked.
[13:22:19.642] Seek(5.66s) invoked.
[13:22:19.650] Seek(5.65s) invoked.
[13:22:19.658] Seek(5.63s) invoked.
[13:22:19.666] Seek(5.62s) invoked.
[13:22:19.674] Seek(5.60s) invoked.
[13:22:19.682] Seek(5.58s) invoked.
[13:22:19.690] Seek(5.56s) invoked.
[13:22:19.698] Seek(5.55s) invoked.
[13:22:19.706] Seek(5.53s) invoked.
[13:22:19.714] Seek(5.52s) invoked.
[13:22:19.722] Seek(5.52s) invoked.
[13:22:19.738] Seek(5.51s) invoked.
[13:22:19.802] Seek(5.50s) invoked.
[13:22:19.818] Seek(5.50s) invoked.
[13:22:19.826] Seek(5.49s) invoked.
[13:22:19.850] Seek(5.48s) invoked.
[13:22:19.858] Seek(5.47s) invoked.
[13:22:19.874] Seek(5.47s) invoked.
[13:22:19.882] Seek(5.46s) invoked.
[13:22:19.890] Seek(5.45s) invoked.
[13:22:19.914] Seek(5.45s) invoked.
[13:22:19.922] Seek(5.44s) invoked.
[13:22:19.947] Seek(5.44s) invoked.
[13:22:19.953] Seek(5.43s) invoked.
[13:22:19.955] Seek(5.42s) invoked.
[13:22:19.978] Seek(5.42s) invoked.
[13:22:19.986] Seek(5.41s) invoked.
[13:22:20.002] Seek(5.40s) invoked.
[13:22:20.034] Seek(5.40s) invoked.
[13:22:20.298] Seek(5.39s) invoked.
[13:22:20.338] Seek(5.38s) invoked.
[13:22:20.347] Seek(5.37s) invoked.
[13:22:20.354] Seek(5.37s) invoked.
[13:22:20.370] Seek(5.35s) invoked.
[13:22:20.378] Seek(5.34s) invoked.
[13:22:20.386] Seek(5.33s) invoked.
[13:22:20.394] Seek(5.31s) invoked.
[13:22:20.402] Seek(5.29s) invoked.
[13:22:20.410] Seek(5.27s) invoked.
[13:22:20.418] Seek(5.26s) invoked.
[13:22:20.426] Seek(5.24s) invoked.
[13:22:20.434] Seek(5.23s) invoked.
[13:22:20.442] Seek(5.22s) invoked.
[13:22:20.448] Seek(5.22s) invoked.
[13:22:20.450] Seek(5.20s) invoked.
[13:22:20.458] Seek(5.19s) invoked.
[13:22:20.466] Seek(5.17s) invoked.
[13:22:20.474] Seek(5.17s) invoked.
[13:22:20.482] Seek(5.15s) invoked.
[13:22:20.490] Seek(5.13s) invoked.
[13:22:20.498] Seek(5.12s) invoked.
[13:22:20.506] Seek(5.11s) invoked.
[13:22:20.514] Seek(5.10s) invoked.
[13:22:20.522] Seek(5.09s) invoked.
[13:22:20.531] Seek(5.07s) invoked.
[13:22:20.538] Seek(5.05s) invoked.
[13:22:20.547] Seek(5.05s) invoked.
[13:22:20.554] Seek(5.03s) invoked.
[13:22:20.562] Seek(5.02s) invoked.
[13:22:20.570] Seek(5.01s) invoked.
[13:22:20.578] Seek(5.00s) invoked.
[13:22:20.588] Seek(4.99s) invoked.
[13:22:20.594] Seek(4.97s) invoked.
[13:22:20.602] Seek(4.97s) invoked.
[13:22:20.618] Seek(4.95s) invoked.
[13:22:20.626] Seek(4.95s) invoked.
[13:22:20.642] Seek(4.94s) invoked.
[13:22:20.650] Seek(4.93s) invoked.
[13:22:20.666] Seek(4.92s) invoked.
[13:22:20.674] Seek(4.91s) invoked.
[13:22:20.690] Seek(4.90s) invoked.
[13:22:20.698] Seek(4.90s) invoked.
[13:22:20.706] Seek(4.89s) invoked.
[13:22:20.714] Seek(4.88s) invoked.
[13:22:20.722] Seek(4.87s) invoked.
[13:22:20.738] Seek(4.87s) invoked.
[13:22:20.747] Seek(4.86s) invoked.
[13:22:20.754] Seek(4.85s) invoked.
[13:22:20.786] Seek(4.85s) invoked.
[13:22:20.818] Seek(4.84s) invoked.
[13:22:20.842] Seek(4.83s) invoked.
[13:22:20.858] Seek(4.82s) invoked.
[13:22:20.882] Seek(4.82s) invoked.
[13:22:20.898] Seek(4.81s) invoked.
[13:22:20.914] Seek(4.80s) invoked.
[13:22:20.946] Seek(4.80s) invoked.
[13:22:20.952] Seek(4.79s) invoked.
[13:22:20.962] Seek(4.79s) invoked.
[13:22:21.018] Seek(4.78s) invoked.
[13:22:21.042] Seek(4.77s) invoked.
[13:22:21.066] Seek(4.77s) invoked.
[13:22:21.089] Seek(4.76s) invoked.
[13:22:21.101] Seek(4.75s) invoked.
[13:22:21.114] Seek(4.74s) invoked.
[13:22:21.122] Seek(4.74s) invoked.
[13:22:21.130] Seek(4.73s) invoked.
[13:22:21.138] Seek(4.72s) invoked.
[13:22:21.147] Seek(4.70s) invoked.
[13:22:21.154] Seek(4.69s) invoked.
[13:22:21.162] Seek(4.68s) invoked.
[13:22:21.170] Seek(4.67s) invoked.
[13:22:21.178] Seek(4.66s) invoked.
[13:22:21.186] Seek(4.64s) invoked.
[13:22:21.194] Seek(4.63s) invoked.
[13:22:21.202] Seek(4.62s) invoked.
[13:22:21.210] Seek(4.61s) invoked.
[13:22:21.218] Seek(4.59s) invoked.
[13:22:21.226] Seek(4.59s) invoked.
[13:22:21.234] Seek(4.57s) invoked.
[13:22:21.242] Seek(4.57s) invoked.
[13:22:21.250] Seek(4.55s) invoked.
[13:22:21.258] Seek(4.54s) invoked.
[13:22:21.266] Seek(4.54s) invoked.
[13:22:21.274] Seek(4.52s) invoked.
[13:22:21.282] Seek(4.51s) invoked.
[13:22:21.290] Seek(4.50s) invoked.
[13:22:21.298] Seek(4.49s) invoked.
[13:22:21.306] Seek(4.47s) invoked.
[13:22:21.314] Seek(4.46s) invoked.
[13:22:21.322] Seek(4.44s) invoked.
[13:22:21.331] Seek(4.42s) invoked.
[13:22:21.338] Seek(4.42s) invoked.
[13:22:21.347] Seek(4.39s) invoked.
[13:22:21.354] Seek(4.39s) invoked.
[13:22:21.362] Seek(4.37s) invoked.
[13:22:21.370] Seek(4.37s) invoked.
[13:22:21.386] Seek(4.36s) invoked.
[13:22:21.394] Seek(4.35s) invoked.
[13:22:21.410] Seek(4.34s) invoked.
[13:22:21.449] Seek(4.34s) invoked.
[13:22:21.474] Seek(4.34s) invoked.
[13:22:21.666] Seek(4.33s) invoked.
[13:22:21.771] Seek(4.32s) invoked.
[13:22:21.826] Seek(4.32s) invoked.
[13:22:21.850] Seek(4.31s) invoked.
[13:22:21.874] Seek(4.31s) invoked.
[13:22:21.890] Seek(4.30s) invoked.
[13:22:21.930] Seek(4.29s) invoked.
[13:22:21.952] Seek(4.29s) invoked.
[13:22:21.970] Seek(4.29s) invoked.
[13:22:21.978] Seek(4.28s) invoked.
[13:22:21.994] Seek(4.27s) invoked.
[13:22:22.018] Seek(4.27s) invoked.
[13:22:22.026] Seek(4.26s) invoked.
[13:22:22.050] Seek(4.25s) invoked.
[13:22:22.058] Seek(4.24s) invoked.
[13:22:22.066] Seek(4.24s) invoked.
[13:22:22.154] Seek(4.23s) invoked.
[13:22:22.434] Seek(4.22s) invoked.
[13:22:22.447] Seek(4.22s) invoked.
[13:22:22.952] Seek(4.22s) invoked.
[13:22:22.970] Seek(4.22s) invoked.
[13:23:19.449] Load() started for: C:\Users\sayan\Downloads\Imagine Dragons Believer Karaoke Version.mp3
[13:23:19.477] _reader created: SampleRate=44100, Ch=2, TotalTime=00:03:36.3460600
[13:23:19.521] WaveOutEvent initialized successfully: Wave Mapper (System Default), PlaybackState=Stopped
[13:23:19.521] Load() finished successfully. HasAudioTrack=True
[13:23:19.522] SetVolume(1.00, isMuted=False) -> VolumeProvider.Volume=1
[13:23:19.522] MainWindow.LoadFileAsync: HasAudioTrack=True, Device=Wave Mapper (System Default), _userMuted=False
[13:23:19.523] SetVolume(1.00, isMuted=False) -> VolumeProvider.Volume=1
[13:23:19.523] SetVolume(1.00, isMuted=False) -> VolumeProvider.Volume=1
[13:23:19.972] SetVolume(1.00, isMuted=False) -> VolumeProvider.Volume=1
[13:23:50.299] Seek(9.29s) invoked.
[13:23:50.314] Seek(9.29s) invoked.
[13:23:50.330] Seek(9.44s) invoked.
[13:23:50.346] Seek(9.59s) invoked.
[13:23:50.354] Seek(9.75s) invoked.
[13:23:50.370] Seek(9.90s) invoked.
[13:23:50.378] Seek(10.06s) invoked.
[13:23:50.388] Seek(10.21s) invoked.
[13:23:50.394] Seek(10.52s) invoked.
[13:23:50.402] Seek(10.99s) invoked.
[13:23:50.410] Seek(11.76s) invoked.
[13:23:50.414] Seek(11.76s) invoked.
[13:23:50.418] Seek(12.84s) invoked.
[13:23:50.427] Seek(14.24s) invoked.
[13:23:50.434] Seek(15.78s) invoked.
[13:23:50.442] Seek(17.49s) invoked.
[13:23:50.450] Seek(18.73s) invoked.
[13:23:50.458] Seek(20.12s) invoked.
[13:23:50.466] Seek(21.20s) invoked.
[13:23:50.475] Seek(22.28s) invoked.
[13:23:50.482] Seek(23.21s) invoked.
[13:23:50.490] Seek(23.83s) invoked.
[13:23:50.498] Seek(24.14s) invoked.
[13:23:50.506] Seek(24.45s) invoked.
[13:23:50.514] Seek(24.61s) invoked.
[13:23:50.522] Seek(24.61s) invoked.
[13:23:50.531] Seek(24.76s) invoked.
[13:23:50.538] Seek(24.92s) invoked.
[13:23:50.554] Seek(25.07s) invoked.
[13:23:50.562] Seek(25.38s) invoked.
[13:23:50.570] Seek(25.53s) invoked.
[13:23:50.578] Seek(26.00s) invoked.
[13:23:50.588] Seek(26.46s) invoked.
[13:23:50.594] Seek(27.08s) invoked.
[13:23:50.602] Seek(27.70s) invoked.
[13:23:50.610] Seek(28.32s) invoked.
[13:23:50.618] Seek(28.94s) invoked.
[13:23:50.626] Seek(29.25s) invoked.
[13:23:50.635] Seek(29.56s) invoked.
[13:23:50.642] Seek(29.71s) invoked.
[13:23:50.658] Seek(29.87s) invoked.
[13:23:50.666] Seek(30.02s) invoked.
[13:23:50.682] Seek(30.18s) invoked.
[13:23:50.858] Seek(30.33s) invoked.
[13:23:50.882] Seek(30.49s) invoked.
[13:23:50.912] Seek(30.49s) invoked.
[13:23:50.930] Seek(30.64s) invoked.
[13:23:51.026] Seek(30.80s) invoked.
[16:27:17.913] Load() started for: C:\Users\sayan\Downloads\upscaled-video.mp4
[16:27:17.977] _reader created: SampleRate=48000, Ch=2, TotalTime=00:00:10.0050000
[16:27:18.049] WaveOutEvent initialized successfully: Wave Mapper (System Default), PlaybackState=Stopped
[16:27:18.050] Load() finished successfully. HasAudioTrack=True
[16:27:18.053] SetVolume(1.00, isMuted=False) -> VolumeProvider.Volume=1
[16:27:18.053] MainWindow.LoadFileAsync: HasAudioTrack=True, Device=Wave Mapper (System Default), _userMuted=False
[16:27:18.057] SetVolume(1.00, isMuted=False) -> VolumeProvider.Volume=1
[16:27:18.058] SetVolume(1.00, isMuted=False) -> VolumeProvider.Volume=1
[16:27:18.765] SetVolume(1.00, isMuted=False) -> VolumeProvider.Volume=1
[16:27:20.780] Seek(3.07s) invoked.
[16:27:20.855] Seek(3.08s) invoked.
[16:27:20.896] Seek(3.08s) invoked.
[16:27:20.904] Seek(3.10s) invoked.
[16:27:20.912] Seek(3.10s) invoked.
[16:27:21.600] Seek(3.30s) invoked.
[16:27:21.611] Seek(3.30s) invoked.
[16:27:21.667] Seek(3.31s) invoked.
[16:27:21.670] Seek(3.33s) invoked.
[16:27:21.672] Seek(3.34s) invoked.
[16:27:21.680] Seek(3.36s) invoked.
[16:27:21.687] Seek(3.39s) invoked.
[16:27:21.696] Seek(3.43s) invoked.
[16:27:21.704] Seek(3.48s) invoked.
[16:27:21.711] Seek(3.53s) invoked.
[16:27:21.719] Seek(3.61s) invoked.
[16:27:21.728] Seek(3.68s) invoked.
[16:27:21.735] Seek(3.76s) invoked.
[16:27:21.744] Seek(3.84s) invoked.
[16:27:21.751] Seek(3.93s) invoked.
[16:27:21.759] Seek(4.02s) invoked.
[16:27:21.767] Seek(4.10s) invoked.
[16:27:21.775] Seek(4.19s) invoked.
[16:27:21.783] Seek(4.28s) invoked.
[16:27:21.791] Seek(4.35s) invoked.
[16:27:21.799] Seek(4.44s) invoked.
[16:27:21.813] Seek(4.52s) invoked.
[16:27:21.816] Seek(4.59s) invoked.
[16:27:21.825] Seek(4.66s) invoked.
[16:27:21.831] Seek(4.73s) invoked.
[16:27:21.841] Seek(4.79s) invoked.
[16:27:21.848] Seek(4.84s) invoked.
[16:27:21.855] Seek(4.87s) invoked.
[16:27:21.863] Seek(4.90s) invoked.
[16:27:21.871] Seek(4.91s) invoked.
[16:27:21.880] Seek(4.93s) invoked.
[16:27:21.887] Seek(4.94s) invoked.
[16:27:21.903] Seek(4.95s) invoked.
[16:27:21.912] Seek(4.96s) invoked.
[16:27:21.927] Seek(4.96s) invoked.
[16:27:21.935] Seek(4.97s) invoked.
[16:27:21.943] Seek(4.98s) invoked.
[16:27:21.991] Seek(4.98s) invoked.
[16:27:22.023] Seek(4.99s) invoked.
[16:27:22.071] Seek(5.00s) invoked.
[16:27:22.079] Seek(5.01s) invoked.
[16:27:22.087] Seek(5.01s) invoked.
[16:27:22.098] Seek(5.02s) invoked.
[16:27:22.103] Seek(5.03s) invoked.
[16:27:22.111] Seek(5.05s) invoked.
[16:27:22.119] Seek(5.08s) invoked.
[16:27:22.126] Seek(5.08s) invoked.
[16:27:22.130] Seek(5.11s) invoked.
[16:27:22.135] Seek(5.15s) invoked.
[16:27:22.144] Seek(5.20s) invoked.
[16:27:22.151] Seek(5.24s) invoked.
[16:27:22.250] Seek(5.44s) invoked.
[16:27:22.367] Seek(5.45s) invoked.
[16:27:22.431] Seek(5.46s) invoked.
[16:27:22.519] Seek(5.46s) invoked.
[16:27:22.527] Seek(5.47s) invoked.
[16:27:22.535] Seek(5.48s) invoked.
[16:27:22.543] Seek(5.48s) invoked.
[16:27:22.551] Seek(5.51s) invoked.
[16:27:22.559] Seek(5.55s) invoked.
[16:27:22.569] Seek(5.62s) invoked.
[16:27:22.575] Seek(5.69s) invoked.
[16:27:22.583] Seek(5.80s) invoked.
[16:27:22.591] Seek(5.92s) invoked.
[16:27:22.600] Seek(6.05s) invoked.
[16:27:22.608] Seek(6.19s) invoked.
[16:27:22.615] Seek(6.33s) invoked.
[16:27:22.630] Seek(6.33s) invoked.
[16:27:22.632] Seek(6.59s) invoked.
[16:27:22.641] Seek(6.71s) invoked.
[16:27:22.647] Seek(6.81s) invoked.
[16:27:22.655] Seek(6.90s) invoked.
[16:27:22.665] Seek(6.99s) invoked.
[16:27:22.671] Seek(7.06s) invoked.
[16:27:22.679] Seek(7.11s) invoked.
[16:27:22.688] Seek(7.15s) invoked.
[16:27:22.695] Seek(7.18s) invoked.
[16:27:22.704] Seek(7.22s) invoked.
[16:27:22.711] Seek(7.25s) invoked.
[16:27:22.720] Seek(7.28s) invoked.
[16:27:22.727] Seek(7.31s) invoked.
[16:27:22.735] Seek(7.34s) invoked.
[16:27:22.743] Seek(7.38s) invoked.
[16:27:22.751] Seek(7.41s) invoked.
[16:27:22.759] Seek(7.44s) invoked.
[16:27:22.767] Seek(7.48s) invoked.
[16:27:22.775] Seek(7.51s) invoked.
[16:27:22.783] Seek(7.55s) invoked.
[16:27:22.791] Seek(7.58s) invoked.
[16:27:22.799] Seek(7.60s) invoked.
[16:27:22.808] Seek(7.63s) invoked.
[16:27:22.816] Seek(7.65s) invoked.
[16:27:22.826] Seek(7.68s) invoked.
[16:27:22.831] Seek(7.70s) invoked.
[16:27:22.841] Seek(7.72s) invoked.
[16:27:22.847] Seek(7.73s) invoked.
[16:27:22.855] Seek(7.75s) invoked.
[16:27:22.865] Seek(7.77s) invoked.
[16:27:22.871] Seek(7.78s) invoked.
[16:27:22.880] Seek(7.80s) invoked.
[16:27:22.887] Seek(7.81s) invoked.
[16:27:22.895] Seek(7.83s) invoked.
[16:27:22.903] Seek(7.85s) invoked.
[16:27:22.912] Seek(7.86s) invoked.
[16:27:22.920] Seek(7.88s) invoked.
[16:27:22.927] Seek(7.91s) invoked.
[16:27:22.935] Seek(7.94s) invoked.
[16:27:22.943] Seek(7.96s) invoked.
[16:27:22.951] Seek(7.99s) invoked.
[16:27:22.959] Seek(8.03s) invoked.
[16:27:22.967] Seek(8.06s) invoked.
[16:27:22.975] Seek(8.10s) invoked.
[16:27:22.983] Seek(8.14s) invoked.
[16:27:23.000] Seek(8.17s) invoked.
[16:27:23.003] Seek(8.21s) invoked.
[16:27:23.007] Seek(8.24s) invoked.
[16:27:23.016] Seek(8.28s) invoked.
[16:27:23.024] Seek(8.32s) invoked.
[16:27:23.031] Seek(8.34s) invoked.
[16:27:23.040] Seek(8.37s) invoked.
[16:27:23.047] Seek(8.40s) invoked.
[16:27:23.055] Seek(8.43s) invoked.
[16:27:23.064] Seek(8.45s) invoked.
[16:27:23.071] Seek(8.47s) invoked.
[16:27:23.080] Seek(8.49s) invoked.
[16:27:23.087] Seek(8.50s) invoked.
[16:27:23.095] Seek(8.52s) invoked.
[16:27:23.103] Seek(8.53s) invoked.
[16:27:23.113] Seek(8.54s) invoked.
[16:27:23.120] Seek(8.55s) invoked.
[16:27:23.125] Seek(8.55s) invoked.
[16:27:23.128] Seek(8.57s) invoked.
[16:27:23.135] Seek(8.57s) invoked.
[16:27:23.143] Seek(8.59s) invoked.
[16:27:23.151] Seek(8.59s) invoked.
[16:27:23.159] Seek(8.61s) invoked.
[16:27:23.167] Seek(8.62s) invoked.
[16:27:23.175] Seek(8.63s) invoked.
[16:27:23.183] Seek(8.65s) invoked.
[16:27:23.191] Seek(8.67s) invoked.
[16:27:23.199] Seek(8.69s) invoked.
[16:27:23.208] Seek(8.71s) invoked.
[16:27:23.215] Seek(8.73s) invoked.
[16:27:23.224] Seek(8.76s) invoked.
[16:27:23.231] Seek(8.78s) invoked.
[16:27:23.241] Seek(8.81s) invoked.
[16:27:23.247] Seek(8.85s) invoked.
[16:27:23.255] Seek(8.89s) invoked.
[16:27:23.263] Seek(8.94s) invoked.
[16:27:23.271] Seek(8.99s) invoked.
[16:27:23.280] Seek(9.04s) invoked.
[16:27:23.287] Seek(9.07s) invoked.
[16:27:23.295] Seek(9.12s) invoked.
[16:27:23.303] Seek(9.16s) invoked.
[16:27:23.311] Seek(9.19s) invoked.
[16:27:23.320] Seek(9.23s) invoked.
[16:27:23.327] Seek(9.25s) invoked.
[16:27:23.335] Seek(9.27s) invoked.
[16:27:23.343] Seek(9.30s) invoked.
[16:27:23.351] Seek(9.32s) invoked.
[16:27:23.359] Seek(9.34s) invoked.
[16:27:23.367] Seek(9.36s) invoked.
[16:27:23.375] Seek(9.37s) invoked.
[16:27:23.383] Seek(9.39s) invoked.
[16:27:23.392] Seek(9.41s) invoked.
[16:27:23.399] Seek(9.43s) invoked.
[16:27:23.408] Seek(9.44s) invoked.
[16:27:23.415] Seek(9.46s) invoked.
[16:27:23.425] Seek(9.49s) invoked.
[16:27:23.431] Seek(9.51s) invoked.
[16:27:23.441] Seek(9.52s) invoked.
[16:27:23.447] Seek(9.53s) invoked.
[16:27:23.455] Seek(9.56s) invoked.
[16:27:23.463] Seek(9.56s) invoked.
[16:27:23.471] Seek(9.58s) invoked.
[16:27:23.479] Seek(9.59s) invoked.
[16:27:23.487] Seek(9.60s) invoked.
[16:27:23.495] Seek(9.63s) invoked.
[16:27:23.504] Seek(9.65s) invoked.
[16:27:23.512] Seek(9.65s) invoked.
[16:27:23.520] Seek(9.68s) invoked.
[16:27:23.527] Seek(9.70s) invoked.
[16:27:23.535] Seek(9.70s) invoked.
[16:27:23.543] Seek(9.72s) invoked.
[16:27:23.551] Seek(9.72s) invoked.
[16:27:23.559] Seek(9.74s) invoked.
[16:27:23.567] Seek(9.75s) invoked.
[16:27:23.575] Seek(9.76s) invoked.
[16:27:23.583] Seek(9.77s) invoked.
[16:27:23.591] Seek(9.78s) invoked.
[16:27:23.599] Seek(9.79s) invoked.
[16:27:23.608] Seek(9.81s) invoked.
[16:27:23.615] Seek(9.82s) invoked.
[16:27:23.624] Seek(9.82s) invoked.
[16:27:23.626] Seek(9.83s) invoked.
[16:27:23.631] Seek(9.85s) invoked.
[16:27:23.640] Seek(9.86s) invoked.
[16:27:23.648] Seek(9.88s) invoked.
[16:27:23.655] Seek(9.90s) invoked.
[16:27:23.663] Seek(9.91s) invoked.
[16:27:23.671] Seek(9.92s) invoked.
[16:27:23.679] Seek(9.93s) invoked.
[16:27:23.687] Seek(9.94s) invoked.
[16:27:23.695] Seek(9.96s) invoked.
[16:27:23.703] Seek(9.96s) invoked.
[16:27:23.711] Seek(9.98s) invoked.
[16:27:23.727] Seek(9.98s) invoked.
[16:27:23.736] Seek(10.00s) invoked.
[16:27:23.751] Seek(10.01s) invoked.
[16:27:23.759] Seek(10.01s) invoked.
[16:27:23.767] Seek(10.01s) invoked.
[16:27:23.775] Seek(10.01s) invoked.
[16:27:23.783] Seek(10.01s) invoked.
[16:27:23.792] Seek(10.01s) invoked.
[16:27:23.799] Seek(10.01s) invoked.
[16:27:23.808] Seek(10.01s) invoked.
[16:27:23.816] Seek(10.01s) invoked.
[16:27:23.824] Seek(10.01s) invoked.
[16:27:23.831] Seek(10.01s) invoked.
[16:27:23.841] Seek(10.01s) invoked.
[16:27:23.848] Seek(10.01s) invoked.
[16:27:23.855] Seek(10.01s) invoked.
[16:27:23.863] Seek(10.01s) invoked.
[16:27:23.871] Seek(10.01s) invoked.
[16:27:23.879] Seek(10.01s) invoked.
[16:27:23.888] Seek(10.01s) invoked.
[16:27:23.895] Seek(10.01s) invoked.
[16:27:23.904] Seek(10.01s) invoked.
[16:27:23.911] Seek(10.01s) invoked.
[16:27:23.920] Seek(10.01s) invoked.
[16:27:23.927] Seek(10.01s) invoked.
[16:27:23.936] Seek(10.01s) invoked.
[16:27:23.943] Seek(10.01s) invoked.
[16:27:23.951] Seek(10.01s) invoked.
[16:27:23.959] Seek(10.01s) invoked.
[16:27:23.967] Seek(10.01s) invoked.
[16:27:23.975] Seek(10.01s) invoked.
[16:27:23.983] Seek(10.01s) invoked.
[16:27:23.991] Seek(10.01s) invoked.
[16:27:23.999] Seek(10.01s) invoked.
[16:27:24.015] Seek(10.01s) invoked.
[16:27:24.024] Seek(10.01s) invoked.
[16:27:24.031] Seek(10.01s) invoked.
[16:27:24.039] Seek(10.01s) invoked.
[16:27:24.047] Seek(10.01s) invoked.
[16:27:24.055] Seek(10.01s) invoked.
[16:27:24.079] Seek(10.01s) invoked.
[16:27:24.095] Seek(10.01s) invoked.
[16:27:24.123] Seek(10.01s) invoked.
[16:27:24.127] Seek(10.01s) invoked.
[16:27:24.135] Seek(10.01s) invoked.
[16:27:24.151] Seek(10.01s) invoked.
[16:27:24.167] Seek(10.01s) invoked.
[16:27:24.191] Seek(10.01s) invoked.
[16:27:24.207] Seek(10.01s) invoked.
[16:27:24.224] Seek(10.01s) invoked.
[16:27:24.239] Seek(10.01s) invoked.
[16:27:24.247] Seek(10.01s) invoked.
[16:27:24.271] Seek(10.01s) invoked.
[16:27:24.287] Seek(10.01s) invoked.
[16:27:24.311] Seek(10.01s) invoked.
[16:27:24.319] Seek(10.01s) invoked.
[16:27:24.351] Seek(10.01s) invoked.
[16:27:24.375] Seek(10.01s) invoked.
[16:27:24.399] Seek(10.01s) invoked.
[16:27:24.623] Seek(10.01s) invoked.
[16:27:24.631] Seek(10.01s) invoked.
[16:27:24.647] Seek(10.01s) invoked.
[16:27:24.664] Seek(10.01s) invoked.
[16:27:24.671] Seek(10.01s) invoked.
[16:27:24.679] Seek(10.01s) invoked.
[16:27:24.687] Seek(10.01s) invoked.
[16:27:24.696] Seek(10.01s) invoked.
[16:27:24.712] Seek(10.01s) invoked.
[16:27:24.767] Seek(10.01s) invoked.
[16:27:24.775] Seek(10.01s) invoked.
[16:27:24.783] Seek(10.01s) invoked.
[16:27:24.791] Seek(10.01s) invoked.
[16:27:24.799] Seek(10.01s) invoked.
[16:27:24.808] Seek(10.01s) invoked.
[16:27:24.815] Seek(10.01s) invoked.
[16:27:24.824] Seek(10.01s) invoked.
[16:27:24.831] Seek(10.01s) invoked.
[16:27:24.839] Seek(10.01s) invoked.
[16:27:24.847] Seek(10.01s) invoked.
[16:27:24.855] Seek(9.95s) invoked.
[16:27:24.863] Seek(9.79s) invoked.
[16:27:24.871] Seek(9.60s) invoked.
[16:27:24.879] Seek(9.39s) invoked.
[16:27:24.887] Seek(9.16s) invoked.
[16:27:24.895] Seek(8.96s) invoked.
[16:27:24.903] Seek(8.76s) invoked.
[16:27:24.911] Seek(8.58s) invoked.
[16:27:24.919] Seek(8.40s) invoked.
[16:27:24.927] Seek(8.25s) invoked.
[16:27:24.935] Seek(8.12s) invoked.
[16:27:24.944] Seek(8.00s) invoked.
[16:27:24.952] Seek(7.86s) invoked.
[16:27:24.959] Seek(7.75s) invoked.
[16:27:24.967] Seek(7.65s) invoked.
[16:27:24.975] Seek(7.54s) invoked.
[16:27:24.983] Seek(7.44s) invoked.
[16:27:24.991] Seek(7.34s) invoked.
[16:27:24.999] Seek(7.25s) invoked.
[16:27:25.007] Seek(7.15s) invoked.
[16:27:25.015] Seek(7.06s) invoked.
[16:27:25.024] Seek(6.96s) invoked.
[16:27:25.031] Seek(6.86s) invoked.
[16:27:25.039] Seek(6.75s) invoked.
[16:27:25.047] Seek(6.65s) invoked.
[16:27:25.055] Seek(6.54s) invoked.
[16:27:25.063] Seek(6.44s) invoked.
[16:27:25.071] Seek(6.33s) invoked.
[16:27:25.079] Seek(6.23s) invoked.
[16:27:25.087] Seek(6.12s) invoked.
[16:27:25.095] Seek(6.00s) invoked.
[16:27:25.103] Seek(5.90s) invoked.
[16:27:25.111] Seek(5.79s) invoked.
[16:27:25.119] Seek(5.69s) invoked.
[16:27:25.128] Seek(5.58s) invoked.
[16:27:25.135] Seek(5.48s) invoked.
[16:27:25.141] Seek(5.48s) invoked.
[16:27:25.148] Seek(5.39s) invoked.
[16:27:25.151] Seek(5.30s) invoked.
[16:27:25.159] Seek(5.22s) invoked.
[16:27:25.167] Seek(5.14s) invoked.
[16:27:25.175] Seek(5.07s) invoked.
[16:27:25.183] Seek(5.01s) invoked.
[16:27:25.191] Seek(4.95s) invoked.
[16:27:25.199] Seek(4.89s) invoked.
[16:27:25.226] Seek(4.83s) invoked.
[16:27:25.230] Seek(4.68s) invoked.
[16:27:25.232] Seek(4.61s) invoked.
[16:27:25.239] Seek(4.54s) invoked.
[16:27:25.247] Seek(4.45s) invoked.
[16:27:25.255] Seek(4.35s) invoked.
[16:27:25.263] Seek(4.26s) invoked.
[16:27:25.271] Seek(4.17s) invoked.
[16:27:25.279] Seek(4.07s) invoked.
[16:27:25.287] Seek(3.98s) invoked.
[16:27:25.295] Seek(3.88s) invoked.
[16:27:25.303] Seek(3.79s) invoked.
[16:27:25.311] Seek(3.70s) invoked.
[16:27:25.319] Seek(3.60s) invoked.
[16:27:25.327] Seek(3.52s) invoked.
[16:27:25.335] Seek(3.43s) invoked.
[16:27:25.343] Seek(3.34s) invoked.
[16:27:25.351] Seek(3.26s) invoked.
[16:27:25.359] Seek(3.17s) invoked.
[16:27:25.367] Seek(3.10s) invoked.
[16:27:25.375] Seek(3.03s) invoked.
[16:27:25.383] Seek(2.96s) invoked.
[16:27:25.391] Seek(2.89s) invoked.
[16:27:25.399] Seek(2.82s) invoked.
[16:27:25.408] Seek(2.73s) invoked.
[16:27:25.415] Seek(2.66s) invoked.
[16:27:25.424] Seek(2.59s) invoked.
[16:27:25.431] Seek(2.52s) invoked.
[16:27:25.439] Seek(2.44s) invoked.
[16:27:25.447] Seek(2.37s) invoked.
[16:27:25.455] Seek(2.30s) invoked.
[16:27:25.463] Seek(2.22s) invoked.
[16:27:25.471] Seek(2.13s) invoked.
[16:27:25.479] Seek(2.06s) invoked.
[16:27:25.487] Seek(1.97s) invoked.
[16:27:25.495] Seek(1.89s) invoked.
[16:27:25.503] Seek(1.79s) invoked.
[16:27:25.511] Seek(1.71s) invoked.
[16:27:25.519] Seek(1.63s) invoked.
[16:27:25.527] Seek(1.54s) invoked.
[16:27:25.535] Seek(1.46s) invoked.
[16:27:25.543] Seek(1.37s) invoked.
[16:27:25.551] Seek(1.27s) invoked.
[16:27:25.559] Seek(1.19s) invoked.
[16:27:25.567] Seek(1.11s) invoked.
[16:27:25.590] Seek(1.03s) invoked.
[16:27:25.592] Seek(0.89s) invoked.
[16:27:25.599] Seek(0.82s) invoked.
[16:27:25.608] Seek(0.75s) invoked.
[16:27:25.616] Seek(0.69s) invoked.
[16:27:25.624] Seek(0.62s) invoked.
[16:27:25.631] Seek(0.55s) invoked.
[16:27:25.639] Seek(0.48s) invoked.
[16:27:25.642] Seek(0.48s) invoked.
[16:27:25.648] Seek(0.41s) invoked.
[16:27:25.655] Seek(0.36s) invoked.
[16:27:25.663] Seek(0.31s) invoked.
[16:27:25.671] Seek(0.27s) invoked.
[16:27:25.679] Seek(0.25s) invoked.
[16:27:25.687] Seek(0.23s) invoked.
[16:27:25.695] Seek(0.22s) invoked.
[16:27:25.703] Seek(0.21s) invoked.
[16:27:25.711] Seek(0.20s) invoked.
[16:27:25.719] Seek(0.19s) invoked.
[16:27:25.728] Seek(0.18s) invoked.
[16:27:25.736] Seek(0.17s) invoked.
[16:27:25.743] Seek(0.15s) invoked.
[16:27:25.751] Seek(0.13s) invoked.
[16:27:25.763] Seek(0.11s) invoked.
[16:27:25.767] Seek(0.07s) invoked.
[16:27:25.775] Seek(0.04s) invoked.
[16:27:25.784] Seek(0.01s) invoked.
[16:27:25.792] Seek(0.00s) invoked.
[16:27:25.799] Seek(0.00s) invoked.
[16:27:25.812] Seek(0.00s) invoked.
[16:27:25.816] Seek(0.00s) invoked.
[16:27:25.929] Seek(0.00s) invoked.
[16:27:25.933] Seek(0.00s) invoked.
[16:27:25.936] Seek(0.00s) invoked.
[16:27:25.943] Seek(0.00s) invoked.
[16:27:25.951] Seek(0.00s) invoked.
[16:27:25.959] Seek(0.00s) invoked.
[16:27:25.967] Seek(0.00s) invoked.
[16:27:25.975] Seek(0.00s) invoked.
[16:27:25.983] Seek(0.00s) invoked.
[16:27:25.991] Seek(0.00s) invoked.
[16:27:25.999] Seek(0.00s) invoked.
[16:27:26.008] Seek(0.00s) invoked.
[16:27:26.015] Seek(0.00s) invoked.
[16:27:26.024] Seek(0.00s) invoked.
[16:27:26.031] Seek(0.00s) invoked.
[16:27:26.039] Seek(0.00s) invoked.
[16:27:26.048] Seek(0.00s) invoked.
[16:27:26.055] Seek(0.00s) invoked.
[16:27:26.071] Seek(0.00s) invoked.
[16:27:26.087] Seek(0.00s) invoked.
[16:27:26.103] Seek(0.00s) invoked.
[16:27:26.119] Seek(0.00s) invoked.
[16:27:26.135] Seek(0.00s) invoked.
[16:27:26.143] Seek(0.00s) invoked.
[16:27:26.145] Seek(0.00s) invoked.
[16:27:26.328] Seek(0.00s) invoked.
